#CREATED JANUARY 2020, LAUREN MEE, UNIVERSITY OF LIVERPOOL
#LIST OF NCBI TRANSCRIPTS ASSOCIATED WITH IMMUNITY IN APIS MELLIFERA (AmelHAv3.1, GCF_003254395.2) WITH GENE AND PROTEIN IDS, AND "CLASS" (CANON/NONCANON)
#CANONICAL IMMUNITY DETERMINED FROM EVANS ET AL 2006, NCBI BIOSYSTEMS PATHWAY RESOURCES AND USE OF OTHODB
#CANDIDATE NON-CANONICAL IMMUNITY BASED UPON THE COMBINED WORKS OF ALAUX ET AL 2011, RICHARD ET AL 2012 AND DOUBLET ET AL 2017.
TranscriptID	GeneID	ProteinID	Class
NM_001011563.1	Jhe	NP_001011563.1	NonCanon
NM_001011570.1	Vha16	NP_001011570.1	Canon
NM_001011574.1	LOC406081	NP_001011574.1	NonCanon
NM_001011578.1	Vg	NP_001011578.1	NonCanon
NM_001011579.1	Mrjp1	NP_001011579.1	NonCanon
NM_001011592.1	Tspan6	NP_001011592.1	Canon
NM_001011598.1	LOC406114	NP_001011598.1	NonCanon
NM_001011600.1	HEX70b	NP_001011600.1	NonCanon
NM_001011607.2	Melt	NP_001011607.1	NonCanon
NM_001011608.1	Hbg3	NP_001011608.1	NonCanon
NM_001011610.1	Mrjp4	NP_001011610.1	NonCanon
NM_001011613.1	Apid1	NP_001011613.1	Canon
NM_001011615.1	LOC406142	NP_001011615.1	Canon
NM_001011616.2	Def1	NP_001011616.2	Canon
NM_001011619.1	LOC406146	NP_001011619.1	NonCanon
NM_001011627.1	PPO	NP_001011627.1	Canon
NM_001011634.2	Usp	NP_001011634.1	NonCanon
NM_001011638.1	Def2	NP_001011638.1	Canon
NM_001011643.1	Gat-1B	NP_001011643.1	NonCanon
NM_001012962.1	NOS	NP_001012980.1	Canon
NM_001014429.1	Mrjp7	NP_001014429.1	NonCanon
NM_001040206.1	Obp21	NP_001035296.1	NonCanon
NM_001040207.1	Obp17	NP_001035297.1	NonCanon
NM_001040230.1	AChE-2	NP_001035320.1	NonCanon
NM_001040681.1	Tert	NP_001035771.1	NonCanon
NM_001077818.1	SsRbeta	NP_001071286.1	NonCanon
NM_001077819.1	CSP6	NP_001071287.1	NonCanon
NM_001077820.1	CSP1	NP_001071288.1	NonCanon
NM_001085344.1	Apd-3	NP_001078813.1	NonCanon
NM_001085345.1	Apd-1	NP_001078814.1	NonCanon
NM_001097154.2	Tpi	NP_001090623.1	NonCanon
NM_001098215.2	Ecr	NP_001091685.2	NonCanon
NM_001123013.2	Dcr-1	NP_001116485.2	Canon
NM_001126244.1	Est-6	NP_001119716.1	NonCanon
NM_001131037.1	Dll	NP_001124509.1	NonCanon
NM_001134227.1	LOC408474	NP_001127699.1	NonCanon
NM_001134934.1	Gat-a	NP_001128406.1	NonCanon
NM_001134942.1	Rnft2	NP_001128414.1	NonCanon
NM_001134947.1	LOC406105	NP_001128419.1	NonCanon
NM_001134949.1	Gfat2	NP_001128421.1	NonCanon
NM_001135905.1	Rpl39	NP_001129377.1	NonCanon
NM_001136187.1	LOC725609	NP_001129659.1	NonCanon
NM_001142461.1	Tmem98	NP_001135933.1	NonCanon
NM_001142609.1	LOC726134	NP_001136081.1	NonCanon
NM_001142656.2	GstS4	NP_001136128.1	NonCanon
NM_001159303.1	LOC410451	NP_001152775.1	NonCanon
NM_001160270.1	GstS1	NP_001153742.1	NonCanon
NM_001161709.2	Smb	NP_001155181.1	NonCanon
NM_001161787.1	LOC100302106	NP_001155259.1	NonCanon
NM_001161831.1	Ndufs5	NP_001155303.1	NonCanon
NM_001162513.1	Pten	NP_001155985.1	Canon
NM_001163463.1	Ndufb2	NP_001156935.1	NonCanon
NM_001163712.1	cact1	NP_001157184.1	Canon
NM_001163714.1	B-gluc1	NP_001157186.1	Canon
NM_001163715.1	PGRP-S3	NP_001157187.1	Canon
NM_001163717.1	Imd	NP_001157189.1	Canon
NM_001165906.1	aub	NP_001159378.1	Canon
NM_001167893.1	CPR19	NP_001161365.1	NonCanon
NM_001168336.1	Snf	NP_001161808.1	NonCanon
NM_001170974.1	GlnS	NP_001164445.1	NonCanon
NM_001171006.1	Dl	NP_001164477.1	Canon
NM_001171051.1	Dnmt1a	NP_001164522.1	NonCanon
NM_001172403.1	Cox6b1	NP_001165874.1	NonCanon
NM_001172718.1	LOC100379261	NP_001166189.1	NonCanon
NM_001174143.1	RpL35	NP_001167614.1	NonCanon
NM_001177490.1	CytC	NP_001170961.1	Canon
NM_001178028.1	GstD1	NP_001171499.1	NonCanon
NM_001185145.1	Arp1	NP_001172074.1	Canon
NM_001190421.1	Dnmt3	NP_001177350.1	NonCanon
NM_001190814.1	Uqcr11	NP_001177743.1	NonCanon
NM_001205062.1	CYP6AQ1	NP_001191991.1	NonCanon
NM_001206467.1	Jtb	NP_001193396.1	NonCanon
NM_001242436.1	STT3B	NP_001229365.1	NonCanon
NM_001242441.1	LOC726239	NP_001229370.1	NonCanon
NM_001242544.1	Ppib	NP_001229473.1	NonCanon
NM_001242556.1	egh	NP_001229485.1	NonCanon
NM_001270813.1	CPR14	NP_001257742.1	NonCanon
NM_001278329.1	rtGEF	NP_001265258.1	NonCanon
NM_001278332.1	LOC551304	NP_001265261.1	NonCanon
NM_001278336.1	LOC551420	NP_001265265.1	NonCanon
NM_001278705.1	LOC552716	NP_001265634.1	NonCanon
NM_001319269.1	LOC726419	NP_001306198.1	NonCanon
NM_001327967.1	LOC724216	NP_001314896.1	NonCanon
XM_001119885.4	LOC724188	XP_001119885.1	Canon
XM_001119891.5	LOC724794	XP_001119891.2	NonCanon
XM_001119897.5	LOC724326	XP_001119897.1	NonCanon
XM_001119898.5	LOC724408	XP_001119898.1	Canon
XM_001119937.5	LOC724625	XP_001119937.1	NonCanon
XM_001119944.5	LOC724365	XP_001119944.1	NonCanon
XM_001119992.5	LOC724223	XP_001119992.2	Canon
XM_001119998.5	LOC724486	XP_001119998.2	NonCanon
XM_001120006.5	LOC724367	XP_001120006.2	NonCanon
XM_001120025.5	LOC724873	XP_001120025.2	Canon
XM_001120032.5	LOC724239	XP_001120032.3	NonCanon
XM_001120034.5	LOC724241	XP_001120034.1	NonCanon
XM_001120040.5	LOC724247	XP_001120040.2	NonCanon
XM_001120069.5	LOC725184	XP_001120069.1	Canon
XM_001120100.5	LOC724296	XP_001120100.2	NonCanon
XM_001120146.5	LOC725316	XP_001120146.1	NonCanon
XM_001120160.5	LOC724339	XP_001120160.2	NonCanon
XM_001120164.5	LOC724343	XP_001120164.2	NonCanon
XM_001120188.4	LOC725142	XP_001120188.1	NonCanon
XM_001120194.5	LOC724488	XP_001120194.1	NonCanon
XM_001120220.5	LOC724386	XP_001120220.1	Canon
XM_001120245.5	LOC725143	XP_001120245.2	NonCanon
XM_001120246.5	LOC726428	XP_001120246.1	NonCanon
XM_001120253.5	LOC725416	XP_001120253.1	NonCanon
XM_001120351.4	LOC725309	XP_001120351.1	NonCanon
XM_001120383.5	LOC724510	XP_001120383.2	NonCanon
XM_001120404.5	LOC726221	XP_001120404.1	NonCanon
XM_001120412.5	LOC725566	XP_001120412.2	NonCanon
XM_001120416.4	LOC725719	XP_001120416.2	NonCanon
XM_001120432.4	LOC724543	XP_001120432.1	Canon
XM_001120439.5	LOC724550	XP_001120439.3	Canon
XM_001120449.5	LOC724560	XP_001120449.2	NonCanon
XM_001120472.5	LOC725183	XP_001120472.1	NonCanon
XM_001120479.4	LOC725572	XP_001120479.1	NonCanon
XM_001120535.5	LOC724644	XP_001120535.2	NonCanon
XM_001120540.5	LOC724648	XP_001120540.2	NonCanon
XM_001120565.5	LOC726446	XP_001120565.2	NonCanon
XM_001120568.5	LOC726297	XP_001120568.1	NonCanon
XM_001120576.5	LOC724685	XP_001120576.2	NonCanon
XM_001120594.5	LOC724703	XP_001120594.2	Canon
XM_001120601.5	LOC724710	XP_001120601.2	NonCanon
XM_001120607.5	LOC725641	XP_001120607.1	NonCanon
XM_001120633.5	LOC724741	XP_001120633.2	NonCanon
XM_001120659.5	LOC724762	XP_001120659.3	NonCanon
XM_001120666.5	LOC724769	XP_001120666.1	NonCanon
XM_001120685.4	LOC724786	XP_001120685.1	NonCanon
XM_001120690.4	LOC724790	XP_001120690.1	NonCanon
XM_001120695.5	LOC726118	XP_001120695.1	NonCanon
XM_001120728.5	LOC724827	XP_001120728.1	NonCanon
XM_001120773.4	LOC726409	XP_001120773.1	NonCanon
XM_001120774.5	LOC726850	XP_001120774.1	NonCanon
XM_001120785.5	LOC724885	XP_001120785.2	NonCanon
XM_001120788.4	LOC724888	XP_001120788.1	NonCanon
XM_001120796.5	LOC724896	XP_001120796.1	NonCanon
XM_001120800.5	LOC726521	XP_001120800.1	NonCanon
XM_001120832.4	LOC724932	XP_001120832.2	NonCanon
XM_001120852.5	LOC724951	XP_001120852.2	NonCanon
XM_001120854.4	LOC724953	XP_001120854.3	NonCanon
XM_001120855.5	LOC724954	XP_001120855.2	NonCanon
XM_001120892.5	LOC726721	XP_001120892.1	Canon
XM_001120897.5	LOC724995	XP_001120897.2	NonCanon
XM_001120925.5	LOC725023	XP_001120925.1	NonCanon
XM_001120975.5	LOC725086	XP_001120975.1	NonCanon
XM_001121022.5	LOC725138	XP_001121022.1	NonCanon
XM_001121043.5	LOC725165	XP_001121043.2	NonCanon
XM_001121079.5	LOC725204	XP_001121079.2	NonCanon
XM_001121092.5	LOC725216	XP_001121092.2	NonCanon
XM_001121113.5	LOC725240	XP_001121113.1	NonCanon
XM_001121133.5	LOC725261	XP_001121133.2	NonCanon
XM_001121135.5	LOC725263	XP_001121135.1	Canon
XM_001121144.4	LOC726894	XP_001121144.1	NonCanon
XM_001121180.4	LOC725320	XP_001121180.1	NonCanon
XM_001121190.5	LOC725330	XP_001121190.3	NonCanon
XM_001121223.5	LOC725363	XP_001121223.1	NonCanon
XM_001121229.5	LOC725368	XP_001121229.2	Canon
XM_001121319.5	LOC725477	XP_001121319.3	NonCanon
XM_001121320.5	LOC725478	XP_001121320.1	NonCanon
XM_001121333.5	LOC725496	XP_001121333.2	NonCanon
XM_001121418.5	LOC725592	XP_001121418.2	NonCanon
XM_001121462.4	LOC725633	XP_001121462.1	NonCanon
XM_001121483.5	LOC725661	XP_001121483.3	Canon
XM_001121503.5	LOC725686	XP_001121503.2	NonCanon
XM_001121505.5	LOC725688	XP_001121505.2	Canon
XM_001121507.5	LOC725690	XP_001121507.2	NonCanon
XM_001121513.5	LOC725696	XP_001121513.2	NonCanon
XM_001121522.4	LOC725705	XP_001121522.1	NonCanon
XM_001121565.5	LOC725756	XP_001121565.2	Canon
XM_001121575.5	LOC725766	XP_001121575.2	Canon
XM_001121634.5	LOC725832	XP_001121634.3	Canon
XM_001121637.5	LOC725835	XP_001121637.3	NonCanon
XM_001121690.4	LOC725896	XP_001121690.3	NonCanon
XM_001121709.5	LOC725922	XP_001121709.2	NonCanon
XM_001121733.5	LOC725947	XP_001121733.1	NonCanon
XM_001121783.5	LOC726002	XP_001121783.2	Canon
XM_001121814.5	LOC726040	XP_001121814.2	NonCanon
XM_001121815.5	LOC726041	XP_001121815.3	NonCanon
XM_001121862.5	LOC726095	XP_001121862.1	NonCanon
XM_001121879.5	LOC726113	XP_001121879.1	NonCanon
XM_001121893.5	LOC726131	XP_001121893.2	NonCanon
XM_001121924.4	LOC726164	XP_001121924.1	NonCanon
XM_001122008.5	LOC726253	XP_001122008.1	NonCanon
XM_001122051.5	LOC726303	XP_001122051.1	NonCanon
XM_001122067.5	LOC726320	XP_001122067.3	Canon
XM_001122155.5	LOC726418	XP_001122155.2	NonCanon
XM_001122230.5	LOC726498	XP_001122230.1	NonCanon
XM_001122306.5	LOC726579	XP_001122306.2	NonCanon
XM_001122336.5	LOC726611	XP_001122336.3	NonCanon
XM_001122360.5	LOC726637	XP_001122360.3	Canon
XM_001122385.5	LOC726664	XP_001122385.3	NonCanon
XM_001122387.5	LOC726666	XP_001122387.2	NonCanon
XM_001122458.5	LOC726737	XP_001122458.2	NonCanon
XM_001122463.5	LOC726742	XP_001122463.2	NonCanon
XM_001122467.5	LOC726747	XP_001122467.1	NonCanon
XM_001122470.5	LOC726750	XP_001122470.3	NonCanon
XM_001122474.5	LOC726754	XP_001122474.2	NonCanon
XM_001122532.5	LOC726811	XP_001122532.3	NonCanon
XM_001122533.5	LOC726812	XP_001122533.3	NonCanon
XM_001122558.5	LOC726840	XP_001122558.1	NonCanon
XM_001122585.5	LOC726869	XP_001122585.3	NonCanon
XM_001122615.5	LOC726898	XP_001122615.2	NonCanon
XM_001122616.5	LOC726899	XP_001122616.1	Canon
XM_001122640.5	LOC726923	XP_001122640.1	NonCanon
XM_001122675.5	LOC726958	XP_001122675.2	Canon
XM_001122713.5	LOC726999	XP_001122713.2	NonCanon
XM_001122738.5	LOC727025	XP_001122738.2	NonCanon
XM_001122739.5	LOC727026	XP_001122739.1	NonCanon
XM_001122740.5	LOC727027	XP_001122740.5	NonCanon
XM_001122830.4	LOC727116	XP_001122830.2	NonCanon
XM_001122836.5	LOC727122	XP_001122836.3	NonCanon
XM_001122896.5	LOC727186	XP_001122896.1	NonCanon
XM_001122939.5	LOC727229	XP_001122939.2	NonCanon
XM_001122961.5	LOC727251	XP_001122961.3	NonCanon
XM_001123012.5	LOC727303	XP_001123012.2	NonCanon
XM_001123067.5	LOC727358	XP_001123067.2	NonCanon
XM_001123128.5	LOC727420	XP_001123128.1	NonCanon
XM_001123179.5	LOC727471	XP_001123179.2	NonCanon
XM_001123248.5	LOC727539	XP_001123248.2	NonCanon
XM_001123277.5	LOC727568	XP_001123277.1	NonCanon
XM_001123340.5	LOC727634	XP_001123340.2	Canon
XM_003249105.4	LOC100576457	XP_003249153.1	NonCanon
XM_003249121.4	LOC552686	XP_003249169.1	NonCanon
XM_003249183.4	LOC411980	XP_003249231.1	Canon
XM_003249211.4	LOC100578725	XP_003249259.2	NonCanon
XM_003249269.4	LOC100576527	XP_003249317.1	Canon
XM_003249336.4	LOC100578307	XP_003249384.1	NonCanon
XM_003249365.4	LOC100576801	XP_003249413.2	NonCanon
XM_003249371.4	LOC551425	XP_003249419.1	NonCanon
XM_003249375.4	LOC100578697	XP_003249423.2	NonCanon
XM_003249382.4	LOC724286	XP_003249430.1	NonCanon
XM_003249398.4	LOC100578537	XP_003249446.3	Canon
XM_003249399.2	LOC100578624	XP_003249447.1	NonCanon
XM_003249407.4	LOC100577707	XP_003249455.1	NonCanon
XM_003249411.3	LOC724366	XP_003249459.1	NonCanon
XM_003249415.4	LOC727237	XP_003249463.1	NonCanon
XM_003249429.3	LOC726205	XP_003249477.1	NonCanon
XM_003249455.4	LOC100578921	XP_003249503.1	NonCanon
XM_003249528.4	LOC100578235	XP_003249576.2	NonCanon
XM_003249545.4	LOC100578560	XP_003249593.1	NonCanon
XM_003249547.4	LOC724542	XP_003249595.1	NonCanon
XM_003249622.4	LOC725753	XP_003249670.1	NonCanon
XM_003249623.4	LOC100576555	XP_003249671.1	NonCanon
XM_003249637.3	LOC408426	XP_003249685.1	Canon
XM_003249835.4	LOC725439	XP_003249883.2	NonCanon
XM_003249858.4	LOC408391	XP_003249906.1	Canon
XM_003249866.4	LOC725178	XP_003249914.1	Canon
XM_003249867.4	LOC726197	XP_003249915.1	Canon
XM_003249869.4	LOC552235	XP_003249917.1	NonCanon
XM_003249929.4	LOC409019	XP_003249977.1	NonCanon
XM_003249961.3	LOC100578215	XP_003250009.1	NonCanon
XM_003250054.3	LOC100578433	XP_003250102.3	NonCanon
XM_003250059.4	LOC100578875	XP_003250107.2	NonCanon
XM_003250068.4	LOC725816	XP_003250116.1	NonCanon
XM_003250119.4	LOC726016	XP_003250167.2	NonCanon
XM_003250120.4	LOC725880	XP_003250168.1	NonCanon
XM_003250121.4	LOC409427	XP_003250169.1	NonCanon
XM_003250168.4	LOC100576814	XP_003250216.1	NonCanon
XM_003250175.4	LOC100578277	XP_003250223.1	NonCanon
XM_003250213.4	LOC100576411	XP_003250261.1	NonCanon
XM_003250250.3	LOC100577841	XP_003250298.1	NonCanon
XM_003250303.4	LOC411915	XP_003250351.1	Canon
XM_003250339.4	LOC551815	XP_003250387.2	NonCanon
XM_003250384.4	LOC552536	XP_003250432.3	NonCanon
XM_003250402.4	LOC100576960	XP_003250450.1	NonCanon
XM_003250422.4	LOC550885	XP_003250470.1	NonCanon
XM_003250503.4	LOC100576195	XP_003250551.1	NonCanon
XM_003250541.4	LOC100578168	XP_003250589.1	NonCanon
XM_003250619.4	LOC100577156	XP_003250667.2	NonCanon
XM_003250627.4	LOC100577844	XP_003250675.2	Canon
XM_003250812.4	LOC100576742	XP_003250860.1	Canon
XM_003250817.4	LOC408312	XP_003250865.1	NonCanon
XM_003250827.4	LOC411458	XP_003250875.1	NonCanon
XM_003250851.4	LOC409941	XP_003250899.1	Canon
XM_003250942.4	LOC408791	XP_003250990.1	NonCanon
XM_003250988.4	LOC726289	XP_003251036.1	Canon
XM_003251072.3	LOC726310	XP_003251120.1	NonCanon
XM_003251117.4	LOC409245	XP_003251165.1	NonCanon
XM_003251140.4	LOC410157	XP_003251188.1	NonCanon
XM_003251162.4	LOC100576795	XP_003251210.1	NonCanon
XM_003251250.4	LOC100576706	XP_003251298.1	NonCanon
XM_003251369.4	LOC100577140	XP_003251417.1	NonCanon
XM_003251372.4	LOC100577870	XP_003251420.1	NonCanon
XM_003251387.4	LOC100578450	XP_003251435.2	NonCanon
XM_003251416.4	LOC551176	XP_003251464.1	Canon
XM_003251423.4	LOC552772	XP_003251471.2	NonCanon
XM_003251434.4	LOC100578479	XP_003251482.3	NonCanon
XM_003251456.4	LOC551679	XP_003251504.1	NonCanon
XM_003251545.4	LOC100578782	XP_003251593.1	NonCanon
XM_003251579.4	LOC725238	XP_003251627.1	NonCanon
XM_003251627.3	LOC409055	XP_003251675.1	Canon
XM_003251659.4	LOC726061	XP_003251707.1	NonCanon
XM_003251751.4	LOC552089	XP_003251799.1	NonCanon
XM_003251791.3	LOC100578586	XP_003251839.1	NonCanon
XM_003251812.4	LOC727456	XP_003251860.1	NonCanon
XM_006557208.3	LOC409411	XP_006557271.1	NonCanon
XM_006557239.3	LOC409286	XP_006557302.1	Canon
XM_006557253.3	LOC411365	XP_006557316.1	NonCanon
XM_006557262.3	LOC413242	XP_006557325.2	NonCanon
XM_006557283.3	LOC412547	XP_006557346.1	NonCanon
XM_006557358.3	LOC726609	XP_006557421.1	NonCanon
XM_006557387.3	LOC410663	XP_006557450.1	NonCanon
XM_006557388.1	LOC410664	XP_006557451.1	NonCanon
XM_006557400.3	LOC551448	XP_006557463.3	NonCanon
XM_006557420.1	LOC410289	XP_006557483.1	NonCanon
XM_006557452.1	LOC550701	XP_006557515.1	NonCanon
XM_006557479.3	Cox6c	XP_006557542.1	NonCanon
XM_006557630.3	LOC413699	XP_006557693.1	NonCanon
XM_006557648.3	LOC412465	XP_006557711.2	NonCanon
XM_006557682.3	KAT2A	XP_006557745.2	NonCanon
XM_006557739.3	LOC552756	XP_006557802.1	Canon
XM_006557743.3	LOC727004	XP_006557806.1	NonCanon
XM_006557817.3	LOC102654192	XP_006557880.1	NonCanon
XM_006557838.3	LOC408402	XP_006557901.1	NonCanon
XM_006557931.3	LOC410636	XP_006557994.1	NonCanon
XM_006557978.3	LOC413388	XP_006558041.1	NonCanon
XM_006557980.3	LOC413389	XP_006558043.1	Canon
XM_006558048.3	LOC725194	XP_006558111.1	NonCanon
XM_006558125.3	LOC550869	XP_006558188.1	Canon
XM_006558163.3	LOC413573	XP_006558226.1	NonCanon
XM_006558209.3	LOC724630	XP_006558272.1	NonCanon
XM_006558364.3	LOC102656448	XP_006558427.2	NonCanon
XM_006558365.3	LOC726662	XP_006558428.1	NonCanon
XM_006558388.3	LOC410969	XP_006558451.1	NonCanon
XM_006558394.3	LOC724809	XP_006558457.2	NonCanon
XM_006558411.3	LOC411404	XP_006558474.1	NonCanon
XM_006558426.3	LOC411564	XP_006558489.1	NonCanon
XM_006558474.3	LOC550955	XP_006558537.1	NonCanon
XM_006558482.3	LOC102656183	XP_006558545.1	NonCanon
XM_006558510.3	LOC102654165	XP_006558573.2	NonCanon
XM_006558516.3	LOC410415	XP_006558579.1	Canon
XM_006558523.3	LOC552398	XP_006558586.2	NonCanon
XM_006558532.3	LOC552191	XP_006558595.1	NonCanon
XM_006558583.3	LOC725306	XP_006558646.1	NonCanon
XM_006558585.3	LOC411665	XP_006558648.1	NonCanon
XM_006558610.3	LOC552163	XP_006558673.1	NonCanon
XM_006558618.2	LOC412423	XP_006558681.1	NonCanon
XM_006558670.3	LOC102654312	XP_006558733.1	NonCanon
XM_006558671.3	LOC411054	XP_006558734.1	NonCanon
XM_006558676.3	LOC408819	XP_006558739.1	NonCanon
XM_006558696.3	LOC411519	XP_006558759.1	Canon
XM_006558700.3	LOC726966	XP_006558763.1	NonCanon
XM_006558738.3	LOC408766	XP_006558801.1	NonCanon
XM_006558793.3	LOC411233	XP_006558856.1	NonCanon
XM_006558816.3	LOC413246	XP_006558879.1	NonCanon
XM_006558862.3	LOC410107	XP_006558925.1	NonCanon
XM_006558875.2	LOC551841	XP_006558938.1	NonCanon
XM_006558876.2	LOC410105	XP_006558939.1	NonCanon
XM_006558900.3	LOC102653930	XP_006558963.1	NonCanon
XM_006558931.3	LOC410295	XP_006558994.2	NonCanon
XM_006559012.3	LOC551391	XP_006559075.1	NonCanon
XM_006559032.3	LOC726887	XP_006559095.2	NonCanon
XM_006559088.3	LOC408717	XP_006559151.1	Canon
XM_006559098.3	LOC408716	XP_006559161.1	NonCanon
XM_006559222.3	LOC413510	XP_006559285.1	NonCanon
XM_006559242.3	LOC412148	XP_006559305.1	NonCanon
XM_006559265.3	LOC552488	XP_006559328.1	NonCanon
XM_006559431.3	LOC409196	XP_006559494.1	NonCanon
XM_006559434.3	LOC724533	XP_006559497.1	NonCanon
XM_006559443.3	LOC551603	XP_006559506.1	NonCanon
XM_006559456.3	LOC552631	XP_006559519.2	NonCanon
XM_006559506.3	LOC409165	XP_006559569.1	Canon
XM_006559521.3	LOC102655836	XP_006559584.2	NonCanon
XM_006559522.3	LOC102655877	XP_006559585.1	NonCanon
XM_006559532.3	LOC412115	XP_006559595.1	Canon
XM_006559574.3	LOC413663	XP_006559637.1	Canon
XM_006559613.2	LOC414009	XP_006559676.1	NonCanon
XM_006559647.1	LOC102655603	XP_006559710.1	NonCanon
XM_006559656.3	LOC412200	XP_006559719.1	NonCanon
XM_006559699.3	LOC552629	XP_006559762.2	NonCanon
XM_006559759.3	LOC413987	XP_006559822.1	NonCanon
XM_006559767.3	LOC551948	XP_006559830.1	NonCanon
XM_006559776.3	LOC724742	XP_006559839.1	NonCanon
XM_006559781.3	LOC724891	XP_006559844.1	NonCanon
XM_006559794.3	LOC551982	XP_006559857.1	NonCanon
XM_006559796.3	LOC413383	XP_006559859.1	NonCanon
XM_006559811.3	LOC551437	XP_006559874.1	Canon
XM_006559837.3	LOC413065	XP_006559900.1	NonCanon
XM_006559839.3	LOC551574	XP_006559902.2	NonCanon
XM_006559864.3	LOC412578	XP_006559927.1	NonCanon
XM_006559899.1	LOC724745	XP_006559962.1	NonCanon
XM_006559916.3	LOC411347	XP_006559979.1	NonCanon
XM_006559944.3	LOC100577797	XP_006560007.3	NonCanon
XM_006559950.3	LOC551194	XP_006560013.1	NonCanon
XM_006559956.3	LOC550659	XP_006560019.1	NonCanon
XM_006559984.3	LOC408303	XP_006560047.1	NonCanon
XM_006559986.3	LOC410241	XP_006560049.1	NonCanon
XM_006560003.3	LOC551931	XP_006560066.1	NonCanon
XM_006560028.3	LOC725512	XP_006560091.1	Canon
XM_006560041.3	LOC102654621	XP_006560104.2	NonCanon
XM_006560099.3	LOC551847	XP_006560162.1	NonCanon
XM_006560197.3	LOC410484	XP_006560260.1	NonCanon
XM_006560307.2	LOC408434	XP_006560370.1	NonCanon
XM_006560311.3	LOC552377	XP_006560374.1	NonCanon
XM_006560326.3	LOC410456	XP_006560389.1	NonCanon
XM_006560397.3	LOC410039	XP_006560460.1	NonCanon
XM_006560410.3	LOC408421	XP_006560473.1	NonCanon
XM_006560439.3	LOC413194	XP_006560502.2	Canon
XM_006560471.3	LOC100577174	XP_006560534.1	NonCanon
XM_006560476.3	LOC412851	XP_006560539.1	NonCanon
XM_006560549.3	LOC411048	XP_006560612.2	NonCanon
XM_006560586.3	LOC408817	XP_006560649.2	NonCanon
XM_006560599.3	LOC409316	XP_006560662.2	NonCanon
XM_006560605.3	LOC102655838	XP_006560668.1	NonCanon
XM_006560606.3	LOC102655898	XP_006560669.1	NonCanon
XM_006560607.3	LOC102655942	XP_006560670.1	NonCanon
XM_006560644.3	LOC410630	XP_006560707.1	NonCanon
XM_006560673.3	LOC552745	XP_006560736.1	NonCanon
XM_006560675.3	LOC411730	XP_006560738.1	NonCanon
XM_006560695.3	LOC413032	XP_006560758.1	NonCanon
XM_006560719.2	LOC551009	XP_006560782.1	NonCanon
XM_006560747.3	LOC409023	XP_006560810.1	NonCanon
XM_006560840.3	LOC724704	XP_006560903.1	NonCanon
XM_006560870.3	LOC552278	XP_006560933.1	NonCanon
XM_006560922.3	LOC408748	XP_006560985.1	NonCanon
XM_006560985.3	LOC552641	XP_006561048.2	NonCanon
XM_006561008.3	LOC410627	XP_006561071.2	NonCanon
XM_006561022.3	LOC552018	XP_006561085.2	NonCanon
XM_006561032.3	LOC409270	XP_006561095.1	NonCanon
XM_006561036.3	LOC551769	XP_006561099.1	NonCanon
XM_006561057.3	LOC409206	XP_006561120.1	NonCanon
XM_006561153.3	LOC725530	XP_006561216.2	NonCanon
XM_006561281.3	LOC412933	XP_006561344.1	NonCanon
XM_006561322.3	LOC552009	XP_006561385.1	NonCanon
XM_006561381.3	LOC412563	XP_006561444.3	NonCanon
XM_006561404.3	LOC413119	XP_006561467.1	Canon
XM_006561423.3	LOC409633	XP_006561486.1	NonCanon
XM_006561479.3	LOC411261	XP_006561542.2	NonCanon
XM_006561607.3	LOC409515	XP_006561670.1	NonCanon
XM_006561615.3	LOC102653793	XP_006561678.2	NonCanon
XM_006561617.3	LOC411923	XP_006561680.1	NonCanon
XM_006561670.3	LOC100577252	XP_006561733.1	NonCanon
XM_006561684.3	LOC552341	XP_006561747.1	NonCanon
XM_006561686.3	LOC412276	XP_006561749.1	NonCanon
XM_006561689.3	LOC725026	XP_006561752.1	NonCanon
XM_006561732.3	LOC412025	XP_006561795.1	NonCanon
XM_006561739.2	LOC726030	XP_006561802.1	NonCanon
XM_006561747.3	LOC726167	XP_006561810.1	Canon
XM_006561773.3	LOC411335	XP_006561836.1	NonCanon
XM_006561800.3	LOC726818	XP_006561863.1	Canon
XM_006561834.3	LOC409004	XP_006561897.1	NonCanon
XM_006561873.3	LOC551133	XP_006561936.1	NonCanon
XM_006561927.3	LOC551892	XP_006561990.1	NonCanon
XM_006561937.3	LOC552602	XP_006562000.1	NonCanon
XM_006561941.3	LOC413950	XP_006562004.1	NonCanon
XM_006561981.3	LOC725374	XP_006562044.3	Canon
XM_006562069.3	LOC100188940	XP_006562132.1	NonCanon
XM_006562096.3	LOC411892	XP_006562159.1	Canon
XM_006562100.3	LOC413705	XP_006562163.1	NonCanon
XM_006562148.3	LOC411070	XP_006562211.1	NonCanon
XM_006562192.3	LOC727582	XP_006562255.1	NonCanon
XM_006562214.3	LOC102654211	XP_006562277.2	NonCanon
XM_006562256.3	LOC100578238	XP_006562319.3	NonCanon
XM_006562318.3	LOC412623	XP_006562381.1	NonCanon
XM_006562321.3	LOC551212	XP_006562384.1	NonCanon
XM_006562357.3	LOC551980	XP_006562420.1	Canon
XM_006562360.3	LOC552246	XP_006562423.1	NonCanon
XM_006562405.3	LOC411796	XP_006562468.1	NonCanon
XM_006562520.3	LOC412282	XP_006562583.2	NonCanon
XM_006562639.3	LOC724793	XP_006562702.1	Canon
XM_006562647.3	LOC100576125	XP_006562710.2	NonCanon
XM_006562656.3	LOC408808	XP_006562719.1	Canon
XM_006562666.3	LOC551012	XP_006562729.1	Canon
XM_006562706.3	LOC408811	XP_006562769.1	NonCanon
XM_006562720.3	LOC412703	XP_006562783.1	Canon
XM_006562741.3	LOC411843	XP_006562804.2	NonCanon
XM_006562802.3	LOC726540	XP_006562865.1	NonCanon
XM_006562808.3	LOC412598	XP_006562871.1	NonCanon
XM_006562826.3	LOC100577401	XP_006562889.1	NonCanon
XM_006562830.3	LOC550998	XP_006562893.1	NonCanon
XM_006562860.3	LOC725612	XP_006562923.1	NonCanon
XM_006562898.3	LOC413544	XP_006562961.2	NonCanon
XM_006562932.3	LOC408461	XP_006562995.1	NonCanon
XM_006562945.3	LOC410512	XP_006563008.1	NonCanon
XM_006562961.3	LOC408458	XP_006563024.1	NonCanon
XM_006563022.3	LOC100577050	XP_006563085.2	NonCanon
XM_006563051.3	LOC494509	XP_006563114.2	Canon
XM_006563060.3	LOC551882	XP_006563123.1	NonCanon
XM_006563086.3	LOC725055	XP_006563149.2	NonCanon
XM_006563088.3	LOC412167	XP_006563151.1	NonCanon
XM_006563091.3	LOC412056	XP_006563154.1	NonCanon
XM_006563153.3	LOC724423	XP_006563216.3	NonCanon
XM_006563163.3	LOC413409	XP_006563226.1	Canon
XM_006563222.3	LOC409520	XP_006563285.1	NonCanon
XM_006563238.3	LOC725040	XP_006563301.1	NonCanon
XM_006563252.3	LOC412287	XP_006563315.1	NonCanon
XM_006563261.3	LOC725345	XP_006563324.2	NonCanon
XM_006563283.2	LOC411794	XP_006563346.1	NonCanon
XM_006563302.3	LOC412247	XP_006563365.1	NonCanon
XM_006563305.3	LOC410118	XP_006563368.1	NonCanon
XM_006563309.3	LOC412422	XP_006563372.2	NonCanon
XM_006563361.3	LOC408533	XP_006563424.2	Canon
XM_006563366.3	LOC410618	XP_006563429.1	NonCanon
XM_006563374.3	LOC411724	XP_006563437.1	NonCanon
XM_006563425.3	LOC102656905	XP_006563488.2	Canon
XM_006563447.2	LOC412024	XP_006563510.1	NonCanon
XM_006563471.3	LOC552839	XP_006563534.2	NonCanon
XM_006563504.3	LOC552766	XP_006563567.1	Canon
XM_006563507.3	LOC552807	XP_006563570.1	NonCanon
XM_006563550.3	LOC410585	XP_006563613.1	NonCanon
XM_006563573.3	LOC726476	XP_006563636.2	NonCanon
XM_006563631.3	LOC102654084	XP_006563694.1	NonCanon
XM_006563634.3	LOC100576224	XP_006563697.2	NonCanon
XM_006563682.3	LOC409377	XP_006563745.1	NonCanon
XM_006563685.3	LOC410575	XP_006563748.1	Canon
XM_006563724.1	LOC102656263	XP_006563787.1	NonCanon
XM_006563751.3	LOC413006	XP_006563814.1	NonCanon
XM_006563764.3	LOC413612	XP_006563827.1	NonCanon
XM_006563770.3	LOC551806	XP_006563833.1	NonCanon
XM_006563793.3	LOC551338	XP_006563856.1	NonCanon
XM_006563847.3	LOC411731	XP_006563910.1	NonCanon
XM_006563864.3	LOC413106	XP_006563927.2	NonCanon
XM_006563878.3	LOC725792	XP_006563941.2	NonCanon
XM_006563907.3	LOC408742	XP_006563970.2	NonCanon
XM_006563924.2	LOC409643	XP_006563987.1	NonCanon
XM_006563928.3	LOC552590	XP_006563991.2	NonCanon
XM_006563941.3	LOC552093	XP_006564004.1	NonCanon
XM_006563965.3	LOC413889	XP_006564028.1	NonCanon
XM_006563982.3	LOC408741	XP_006564045.1	NonCanon
XM_006564043.3	Pgrp-s2	XP_006564106.1	NonCanon
XM_006564051.3	LOC551116	XP_006564114.1	NonCanon
XM_006564066.3	LOC100577552	XP_006564129.2	NonCanon
XM_006564070.1	LOC413971	XP_006564133.1	NonCanon
XM_006564098.3	LOC102655111	XP_006564161.1	NonCanon
XM_006564120.3	LOC409292	XP_006564183.2	NonCanon
XM_006564159.3	LOC411083	XP_006564222.1	NonCanon
XM_006564167.3	LOC724432	XP_006564230.1	NonCanon
XM_006564170.2	LOC102655904	XP_006564233.1	NonCanon
XM_006564194.3	LOC551776	XP_006564257.2	NonCanon
XM_006564210.3	LOC102654987	XP_006564273.1	NonCanon
XM_006564228.3	LOC413023	XP_006564291.3	NonCanon
XM_006564230.3	LOC412780	XP_006564293.1	NonCanon
XM_006564272.3	LOC725366	XP_006564335.1	NonCanon
XM_006564368.3	LOC413343	XP_006564431.1	NonCanon
XM_006564396.3	LOC551324	XP_006564459.1	NonCanon
XM_006564414.3	LOC411566	XP_006564477.1	Canon
XM_006564486.3	LOC100576099	XP_006564549.1	NonCanon
XM_006564547.3	LOC411270	XP_006564610.2	Canon
XM_006564563.2	LOC552003	XP_006564626.1	NonCanon
XM_006564609.3	LOC725571	XP_006564672.2	Canon
XM_006564682.3	LOC552049	XP_006564745.1	NonCanon
XM_006564696.1	LOC102653839	XP_006564759.1	NonCanon
XM_006564722.3	LOC725325	XP_006564785.1	NonCanon
XM_006564745.3	LOC726255	XP_006564808.1	NonCanon
XM_006564746.2	LOC413542	XP_006564809.1	NonCanon
XM_006564771.3	LOC551578	XP_006564834.1	NonCanon
XM_006564813.3	LOC551561	XP_006564876.1	NonCanon
XM_006564851.3	LOC410542	XP_006564914.1	NonCanon
XM_006564852.2	LOC552043	XP_006564915.1	NonCanon
XM_006564864.3	LOC410538	XP_006564927.1	NonCanon
XM_006564914.3	LOC552592	XP_006564977.1	NonCanon
XM_006564934.3	LOC551439	XP_006564997.2	NonCanon
XM_006564951.3	LOC100577002	XP_006565014.2	NonCanon
XM_006564963.3	LOC100577136	XP_006565026.1	NonCanon
XM_006565041.3	LOC408438	XP_006565104.1	Canon
XM_006565066.3	LOC410470	XP_006565129.1	NonCanon
XM_006565147.3	FAR1	XP_006565210.1	NonCanon
XM_006565170.3	LOC551753	XP_006565233.2	NonCanon
XM_006565173.3	LOC411699	XP_006565236.1	NonCanon
XM_006565200.3	LOC413297	XP_006565263.1	NonCanon
XM_006565204.3	LOC552725	XP_006565267.1	NonCanon
XM_006565211.3	LOC414035	XP_006565274.1	NonCanon
XM_006565218.3	LOC410371	XP_006565281.1	NonCanon
XM_006565255.3	LOC411510	XP_006565318.1	NonCanon
XM_006565258.3	LOC100578209	XP_006565321.1	NonCanon
XM_006565283.3	LOC409749	XP_006565346.1	NonCanon
XM_006565301.3	LOC100577481	XP_006565364.1	NonCanon
XM_006565341.3	LOC411164	XP_006565404.1	NonCanon
XM_006565354.3	LOC410031	XP_006565417.2	Canon
XM_006565386.3	LOC408886	XP_006565449.2	NonCanon
XM_006565389.1	LOC413074	XP_006565452.1	NonCanon
XM_006565454.3	LOC408925	XP_006565517.1	NonCanon
XM_006565463.3	LOC551898	XP_006565526.1	NonCanon
XM_006565506.3	LOC408924	XP_006565569.1	Canon
XM_006565508.3	LOC411214	XP_006565571.1	NonCanon
XM_006565541.3	LOC100577493	XP_006565604.1	NonCanon
XM_006565570.3	LOC724700	XP_006565633.1	NonCanon
XM_006565697.3	LOC727238	XP_006565760.1	NonCanon
XM_006565844.3	LOC100578356	XP_006565907.2	Canon
XM_006565874.3	LOC726583	XP_006565937.2	NonCanon
XM_006565975.2	LOC411972	XP_006566038.1	NonCanon
XM_006566002.3	LOC552353	XP_006566065.1	NonCanon
XM_006566108.3	LOC102656107	XP_006566171.1	Canon
XM_006566172.3	LOC100577138	XP_006566235.2	NonCanon
XM_006566202.3	LOC726414	XP_006566265.2	NonCanon
XM_006566210.3	LOC409649	XP_006566273.1	NonCanon
XM_006566222.3	LOC727652	XP_006566285.2	NonCanon
XM_006566261.3	LOC100577879	XP_006566324.1	NonCanon
XM_006566310.3	LOC410317	XP_006566373.1	NonCanon
XM_006566344.3	LOC412277	XP_006566407.2	NonCanon
XM_006566357.3	LOC726800	XP_006566420.1	NonCanon
XM_006566365.3	LOC408355	XP_006566428.1	NonCanon
XM_006566375.3	LOC408358	XP_006566438.1	Canon
XM_006566460.3	LOC551683	XP_006566523.1	NonCanon
XM_006566473.3	LOC412348	XP_006566536.1	NonCanon
XM_006566484.3	LOC409260	XP_006566547.1	NonCanon
XM_006566537.3	LOC100577687	XP_006566600.1	NonCanon
XM_006566580.3	LOC726781	XP_006566643.1	Canon
XM_006566581.3	LOC411457	XP_006566644.1	NonCanon
XM_006566585.3	LOC102655688	XP_006566648.1	NonCanon
XM_006566586.3	LOC409068	XP_006566649.2	NonCanon
XM_006566605.3	LOC100576186	XP_006566668.2	NonCanon
XM_006566642.3	LOC409393	XP_006566705.2	Canon
XM_006566663.3	LOC412046	XP_006566726.1	NonCanon
XM_006566676.3	LOC551467	XP_006566739.1	Canon
XM_006566772.3	LOC409795	XP_006566835.1	NonCanon
XM_006566777.2	LOC724256	XP_006566840.1	NonCanon
XM_006566795.3	LOC551712	XP_006566858.1	NonCanon
XM_006566838.3	LOC551572	XP_006566901.1	NonCanon
XM_006566848.3	LOC410383	XP_006566911.1	NonCanon
XM_006566860.3	LOC410379	XP_006566923.2	NonCanon
XM_006566867.3	LOC408395	XP_006566930.1	NonCanon
XM_006566962.3	LOC408388	XP_006567025.1	Canon
XM_006567127.3	LOC409662	XP_006567190.1	NonCanon
XM_006567145.3	LOC552621	XP_006567208.1	NonCanon
XM_006567146.2	LOC409559	XP_006567209.1	NonCanon
XM_006567147.3	LOC409488	XP_006567210.2	NonCanon
XM_006567158.3	LOC100577548	XP_006567221.1	Canon
XM_006567170.2	LOC408785	XP_006567233.1	NonCanon
XM_006567200.3	LOC408787	XP_006567263.1	NonCanon
XM_006567212.3	LOC411006	XP_006567275.1	NonCanon
XM_006567374.3	LOC408979	XP_006567437.1	NonCanon
XM_006567377.3	LOC408983	XP_006567440.1	NonCanon
XM_006567426.3	LOC411490	XP_006567489.1	NonCanon
XM_006567444.3	LOC552643	XP_006567507.1	NonCanon
XM_006567463.3	LOC411306	XP_006567526.1	NonCanon
XM_006567634.3	LOC724926	XP_006567697.2	NonCanon
XM_006567652.1	LOC408851	XP_006567715.1	Canon
XM_006567839.3	LOC411524	XP_006567902.2	NonCanon
XM_006567862.3	LOC409155	XP_006567925.2	NonCanon
XM_006567878.3	LOC100576826	XP_006567941.1	NonCanon
XM_006567904.3	LOC412378	XP_006567967.1	NonCanon
XM_006567909.3	LOC725628	XP_006567972.1	NonCanon
XM_006567943.3	LOC410732	XP_006568006.1	Canon
XM_006567958.2	LOC412177	XP_006568021.1	NonCanon
XM_006567965.2	LOC551478	XP_006568028.1	NonCanon
XM_006568019.3	LOC412612	XP_006568082.2	NonCanon
XM_006568030.3	LOC408972	XP_006568093.2	NonCanon
XM_006568047.3	LOC409736	XP_006568110.1	NonCanon
XM_006568066.3	LOC413047	XP_006568129.2	NonCanon
XM_006568071.3	LOC726240	XP_006568134.1	NonCanon
XM_006568105.3	LOC409924	XP_006568168.1	NonCanon
XM_006568109.3	LOC551581	XP_006568172.2	NonCanon
XM_006568140.3	LOC412410	XP_006568203.1	NonCanon
XM_006568152.3	LOC551395	XP_006568215.3	NonCanon
XM_006568166.3	LOC410853	XP_006568229.2	NonCanon
XM_006568240.3	LOC551749	XP_006568303.1	NonCanon
XM_006568334.3	LOC550970	XP_006568397.1	NonCanon
XM_006568458.3	LOC102655259	XP_006568521.2	NonCanon
XM_006568502.2	LOC412069	XP_006568565.1	NonCanon
XM_006568517.2	LOC409529	XP_006568580.1	Canon
XM_006568524.3	LOC411288	XP_006568587.1	NonCanon
XM_006568551.3	LOC408597	XP_006568614.1	NonCanon
XM_006568552.3	LOC725576	XP_006568615.2	NonCanon
XM_006568560.2	LOC102654014	XP_006568623.1	NonCanon
XM_006568568.3	LOC413713	XP_006568631.3	NonCanon
XM_006568602.2	LOC409103	XP_006568665.1	NonCanon
XM_006568625.3	LOC408592	XP_006568688.1	NonCanon
XM_006568640.3	LOC410728	XP_006568703.2	NonCanon
XM_006568697.3	LOC410806	XP_006568760.1	NonCanon
XM_006568750.3	LOC408649	XP_006568813.2	NonCanon
XM_006568758.3	LOC413208	XP_006568821.1	NonCanon
XM_006568776.3	LOC410812	XP_006568839.1	Canon
XM_006568810.1	LOC724341	XP_006568873.1	NonCanon
XM_006568819.3	LOC552562	XP_006568882.1	NonCanon
XM_006568834.3	LOC726280	XP_006568897.2	NonCanon
XM_006568835.3	LOC726332	XP_006568898.2	NonCanon
XM_006568935.3	LOC410821	XP_006568998.1	NonCanon
XM_006568971.3	LOC411763	XP_006569034.2	NonCanon
XM_006569140.3	LOC408271	XP_006569203.1	NonCanon
XM_006569167.3	LOC410183	XP_006569230.2	Canon
XM_006569173.3	LOC725877	XP_006569236.1	NonCanon
XM_006569218.3	LOC552149	XP_006569281.1	NonCanon
XM_006569219.3	LOC410915	XP_006569282.1	NonCanon
XM_006569235.3	LOC412956	XP_006569298.1	NonCanon
XM_006569310.2	LOC411633	XP_006569373.1	NonCanon
XM_006569334.3	LOC552213	XP_006569397.1	NonCanon
XM_006569399.3	LOC411188	XP_006569462.1	NonCanon
XM_006569403.3	LOC408900	XP_006569466.2	NonCanon
XM_006569447.3	LOC408911	XP_006569510.1	NonCanon
XM_006569464.3	LOC412816	XP_006569527.1	Canon
XM_006569491.3	LOC725744	XP_006569554.2	NonCanon
XM_006569507.3	LOC726102	XP_006569570.1	NonCanon
XM_006569538.2	LOC727396	XP_006569601.1	Canon
XM_006569633.3	LOC725848	XP_006569696.1	NonCanon
XM_006569707.3	LOC102656792	XP_006569770.1	NonCanon
XM_006569720.3	LOC409511	XP_006569783.2	NonCanon
XM_006569730.3	LOC409533	XP_006569793.2	NonCanon
XM_006569825.3	LOC408955	XP_006569888.1	NonCanon
XM_006569844.3	LOC410910	XP_006569907.1	NonCanon
XM_006569901.3	LOC725552	XP_006569964.1	NonCanon
XM_006569921.3	LOC412303	XP_006569984.1	NonCanon
XM_006569927.3	LOC724654	XP_006569990.1	NonCanon
XM_006569931.3	LOC724218	XP_006569994.1	NonCanon
XM_006569932.3	LOC551314	XP_006569995.1	Canon
XM_006569933.3	LOC724170	XP_006569996.2	NonCanon
XM_006569984.3	LOC551398	XP_006570047.2	NonCanon
XM_006570002.3	LOC409860	XP_006570065.1	NonCanon
XM_006570004.3	LOC726779	XP_006570067.1	NonCanon
XM_006570190.3	LOC411545	XP_006570253.1	NonCanon
XM_006570233.3	LOC102656287	XP_006570296.1	NonCanon
XM_006570279.3	LOC409265	XP_006570342.1	NonCanon
XM_006570291.3	LOC102656587	XP_006570354.1	NonCanon
XM_006570304.3	LOC552804	XP_006570367.1	NonCanon
XM_006570334.3	LOC410270	XP_006570397.2	NonCanon
XM_006570349.3	LOC409373	XP_006570412.2	NonCanon
XM_006570369.3	LOC413087	XP_006570432.1	NonCanon
XM_006570370.3	LOC552254	XP_006570433.2	NonCanon
XM_006570414.3	LOC413583	XP_006570477.1	NonCanon
XM_006570469.3	LOC551500	XP_006570532.1	Canon
XM_006570498.3	LOC411148	XP_006570561.1	NonCanon
XM_006570547.3	LOC409708	XP_006570610.1	Canon
XM_006570642.3	LOC411910	XP_006570705.1	NonCanon
XM_006570683.3	LOC550689	XP_006570746.1	NonCanon
XM_006570726.3	LOC409909	XP_006570789.1	NonCanon
XM_006570730.2	LOC102655679	XP_006570793.1	NonCanon
XM_006570785.3	LOC412117	XP_006570848.2	NonCanon
XM_006570787.3	LOC100578255	XP_006570850.3	NonCanon
XM_006570788.3	LOC411982	XP_006570851.1	NonCanon
XM_006570797.3	LOC551699	XP_006570860.1	NonCanon
XM_006570798.3	LOC100577833	XP_006570861.2	NonCanon
XM_006570813.3	LOC102655896	XP_006570876.1	NonCanon
XM_006570837.3	LOC100577019	XP_006570900.3	NonCanon
XM_006570899.3	LOC552455	XP_006570962.1	NonCanon
XM_006570902.3	LOC552419	XP_006570965.1	Canon
XM_006570906.3	LOC726222	XP_006570969.1	NonCanon
XM_006570908.3	LOC410055	XP_006570971.2	NonCanon
XM_006570913.3	LOC724930	XP_006570976.2	Canon
XM_006570922.3	LOC552496	XP_006570985.1	NonCanon
XM_006570953.2	LOC725881	XP_006571016.1	NonCanon
XM_006570986.3	LOC726163	XP_006571049.1	NonCanon
XM_006570988.3	LOC725801	XP_006571051.2	NonCanon
XM_006571030.3	LOC409704	XP_006571093.2	NonCanon
XM_006571112.3	LOC725348	XP_006571175.2	NonCanon
XM_006571117.3	LOC724496	XP_006571180.1	NonCanon
XM_006571164.3	LOC552141	XP_006571227.1	NonCanon
XM_006571257.1	LOC411722	XP_006571320.1	NonCanon
XM_006571296.3	LOC413575	XP_006571359.2	NonCanon
XM_006571319.3	LOC102654353	XP_006571382.1	NonCanon
XM_006571341.3	LOC551837	XP_006571404.1	NonCanon
XM_006571363.3	LOC551912	XP_006571426.1	NonCanon
XM_006571364.3	LOC725459	XP_006571427.1	NonCanon
XM_006571371.3	LOC410672	XP_006571434.1	NonCanon
XM_006571406.3	LOC724145	XP_006571469.1	NonCanon
XM_006571484.3	LOC102653614	XP_006571547.2	NonCanon
XM_006571497.3	LOC409189	XP_006571560.1	NonCanon
XM_006571537.3	LOC551208	XP_006571600.1	NonCanon
XM_006571572.3	LOC100579021	XP_006571635.1	NonCanon
XM_006571575.3	LOC725154	XP_006571638.2	Canon
XM_006571585.3	LOC552426	XP_006571648.1	NonCanon
XM_006571603.3	LOC408643	XP_006571666.1	NonCanon
XM_006571667.3	LOC724993	XP_006571730.2	NonCanon
XM_006571686.3	LOC725388	XP_006571749.1	Canon
XM_006571710.3	LOC412263	XP_006571773.2	NonCanon
XM_006571731.3	LOC551732	XP_006571794.1	NonCanon
XM_006571770.3	LOC552062	XP_006571833.1	Canon
XM_006571779.3	LOC727146	XP_006571842.1	Canon
XM_006571805.3	LOC551755	XP_006571868.1	NonCanon
XM_006571812.3	LOC412045	XP_006571875.2	NonCanon
XM_006571829.3	LOC551527	XP_006571892.1	NonCanon
XM_006571885.3	LOC413815	XP_006571948.2	NonCanon
XM_006571924.1	LOC102654800	XP_006571987.1	NonCanon
XM_006571961.2	LOC550780	XP_006572024.1	NonCanon
XM_006572017.3	LOC412003	XP_006572080.2	NonCanon
XM_006572019.3	LOC412245	XP_006572082.1	NonCanon
XM_006572029.2	LOC102654146	XP_006572092.1	NonCanon
XM_006572072.3	LOC100577690	XP_006572135.2	Canon
XM_006572084.3	LOC727510	XP_006572147.1	NonCanon
XM_006572098.3	LOC551549	XP_006572161.1	NonCanon
XM_006572117.3	LOC100576623	XP_006572180.1	NonCanon
XM_006572176.3	LOC550881	XP_006572239.1	NonCanon
XM_006572178.1	LOC412278	XP_006572241.1	Canon
XM_006572198.3	LOC727049	XP_006572261.1	NonCanon
XM_006572209.3	LOC552348	XP_006572272.1	NonCanon
XM_006572241.3	LOC102655219	XP_006572304.1	NonCanon
XM_006572259.3	LOC413126	XP_006572322.1	Canon
XM_006572290.3	LOC552719	XP_006572353.1	NonCanon
XM_006572299.3	LOC102655470	XP_006572362.1	NonCanon
XM_006572342.3	LOC552779	XP_006572405.1	NonCanon
XM_006572344.3	LOC413772	XP_006572407.1	Canon
XM_006572354.3	LOC413736	XP_006572417.1	NonCanon
XM_006572355.3	LOC551447	XP_006572418.1	NonCanon
XM_016910699.2	LOC410860	XP_016766188.2	Canon
XM_016910848.2	LOC551992	XP_016766337.1	NonCanon
XM_016910911.2	LOC410882	XP_016766400.2	NonCanon
XM_016911250.2	LOC410973	XP_016766739.1	NonCanon
XM_016911385.2	LOC409910	XP_016766874.1	NonCanon
XM_016911425.2	LOC724947	XP_016766914.1	NonCanon
XM_016911486.2	LOC410938	XP_016766975.1	NonCanon
XM_016911504.2	LOC411613	XP_016766993.2	Canon
XM_016911661.2	LOC408818	XP_016767150.1	NonCanon
XM_016911672.1	LOC411579	XP_016767161.1	NonCanon
XM_016911806.2	LOC107964319	XP_016767295.1	NonCanon
XM_016911809.2	LOC408804	XP_016767298.1	NonCanon
XM_016911889.2	LOC408777	XP_016767378.1	NonCanon
XM_016911953.2	LOC107964350	XP_016767442.2	NonCanon
XM_016911983.2	LOC725701	XP_016767472.2	NonCanon
XM_016911992.2	LOC725341	XP_016767481.2	NonCanon
XM_016912014.2	LOC411907	XP_016767503.1	NonCanon
XM_016912043.2	LOC551911	XP_016767532.1	NonCanon
XM_016912186.2	LOC408852	XP_016767675.2	Canon
XM_016912208.2	LOC551369	XP_016767697.1	Canon
XM_016912216.2	LOC411088	XP_016767705.1	NonCanon
XM_016912248.2	LOC727009	XP_016767737.2	NonCanon
XM_016912278.2	LOC406145	XP_016767767.2	NonCanon
XM_016912290.2	LOC552787	XP_016767779.1	NonCanon
XM_016912298.2	LOC413678	XP_016767787.2	NonCanon
XM_016912393.2	LOC551219	XP_016767882.2	NonCanon
XM_016912405.2	LOC107964507	XP_016767894.2	NonCanon
XM_016912410.2	LOC409724	XP_016767899.1	Canon
XM_016912444.2	LOC552413	XP_016767933.1	NonCanon
XM_016912758.2	LOC725706	XP_016768247.1	NonCanon
XM_016912799.2	LOC724655	XP_016768288.1	NonCanon
XM_016912825.2	LOC409271	XP_016768314.2	NonCanon
XM_016912862.2	LOC409336	XP_016768351.1	Canon
XM_016912885.2	LOC413796	XP_016768374.1	NonCanon
XM_016912922.2	LOC412360	XP_016768411.1	NonCanon
XM_016912947.2	LOC413247	XP_016768436.1	NonCanon
XM_016913023.2	LOC412810	XP_016768512.1	Canon
XM_016913136.2	LOC725175	XP_016768625.1	NonCanon
XM_016913155.2	LOC413153	XP_016768644.1	Canon
XM_016913171.2	LOC408906	XP_016768660.2	NonCanon
XM_016913395.2	LOC726015	XP_016768884.2	NonCanon
XM_016913527.2	LOC413324	XP_016769016.1	NonCanon
XM_016913581.2	LOC410719	XP_016769070.2	Canon
XM_016913626.2	LOC411285	XP_016769115.1	NonCanon
XM_016913661.2	LOC552432	XP_016769150.2	NonCanon
XM_016913662.2	LOC552051	XP_016769151.1	NonCanon
XM_016913756.2	LOC726212	XP_016769245.2	NonCanon
XM_016913760.2	LOC552528	XP_016769249.1	Canon
XM_016913765.2	LOC551962	XP_016769254.1	NonCanon
XM_016913775.2	LOC411894	XP_016769264.1	NonCanon
XM_016913810.2	LOC726380	XP_016769299.2	NonCanon
XM_016913943.2	LOC408992	XP_016769432.1	Canon
XM_016913953.2	LOC413030	XP_016769442.2	NonCanon
XM_016913993.2	LOC411447	XP_016769482.1	NonCanon
XM_016914035.2	LOC551093	XP_016769524.1	Canon
XM_016914231.1	LOC107965021	XP_016769720.1	NonCanon
XM_016914239.2	LOC100578811	XP_016769728.1	NonCanon
XM_016914294.2	LOC412198	XP_016769783.2	NonCanon
XM_016914308.2	LOC409670	XP_016769797.1	NonCanon
XM_016914360.2	LOC552522	XP_016769849.1	NonCanon
XM_016914362.2	LOC410172	XP_016769851.1	NonCanon
XM_016914419.2	LOC100578380	XP_016769908.2	NonCanon
XM_016914425.2	LOC552688	XP_016769914.1	NonCanon
XM_016914442.2	LOC412870	XP_016769931.2	NonCanon
XM_016914443.2	LOC551496	XP_016769932.1	NonCanon
XM_016914500.2	LOC100577423	XP_016769989.1	NonCanon
XM_016914501.1	LOC409499	XP_016769990.1	NonCanon
XM_016914502.2	LOC726389	XP_016769991.2	NonCanon
XM_016914522.2	LOC410155	XP_016770011.2	NonCanon
XM_016914546.2	LOC408286	XP_016770035.2	NonCanon
XM_016914759.2	LOC724878	XP_016770248.2	NonCanon
XM_016914831.2	LOC552229	XP_016770320.2	NonCanon
XM_016914933.2	LOC409838	XP_016770422.1	NonCanon
XM_016914953.2	LOC107965199	XP_016770442.2	NonCanon
XM_016914980.2	LOC410257	XP_016770469.1	Canon
XM_016915079.2	LOC409491	XP_016770568.1	NonCanon
XM_016915089.2	LOC412018	XP_016770578.1	NonCanon
XM_016915217.2	LOC410263	XP_016770706.1	NonCanon
XM_016915267.2	LOC107965266	XP_016770756.1	NonCanon
XM_016915364.2	LOC100578502	XP_016770853.1	NonCanon
XM_016915406.2	LOC410396	XP_016770895.1	NonCanon
XM_016915488.2	LOC412878	XP_016770977.1	NonCanon
XM_016915624.2	LOC551248	XP_016771113.1	NonCanon
XM_016915687.2	LOC551392	XP_016771176.2	NonCanon
XM_016915694.2	LOC726352	XP_016771183.1	NonCanon
XM_016915725.2	LOC100576508	XP_016771214.2	NonCanon
XM_016915933.2	LOC107965449	XP_016771422.1	NonCanon
XM_016915940.2	LOC726172	XP_016771429.1	Canon
XM_016916103.2	LOC726947	XP_016771592.1	Canon
XM_016916165.2	LOC413909	XP_016771654.2	NonCanon
XM_016916219.2	LOC107965508	XP_016771708.1	NonCanon
XM_016916309.2	LOC551100	XP_016771798.1	Canon
XM_016916414.2	LOC102653879	XP_016771903.2	NonCanon
XM_016916441.2	LOC411839	XP_016771930.2	NonCanon
XM_016916454.2	LOC552654	XP_016771943.1	NonCanon
XM_016916523.2	LOC410582	XP_016772012.1	NonCanon
XM_016916525.2	LOC725824	XP_016772014.1	NonCanon
XM_016916592.1	LOC102653771	XP_016772081.1	NonCanon
XM_016916628.2	LOC552795	XP_016772117.1	NonCanon
XM_016916702.2	LOC410577	XP_016772191.1	NonCanon
XM_016916765.2	LOC409180	XP_016772254.2	NonCanon
XM_016916928.2	LOC412470	XP_016772417.1	NonCanon
XM_016916945.2	LOC551799	XP_016772434.2	NonCanon
XM_016917034.2	LOC552086	XP_016772523.1	NonCanon
XM_016917056.2	LOC550989	XP_016772545.1	NonCanon
XM_016917176.2	LOC102656403	XP_016772665.2	NonCanon
XM_016917222.2	LOC100578943	XP_016772711.1	NonCanon
XM_016917414.2	LOC409388	XP_016772903.1	NonCanon
XM_016917466.2	LOC552599	XP_016772955.1	NonCanon
XM_016917475.2	LOC552662	XP_016772964.1	NonCanon
XM_016917556.2	LOC409032	XP_016773045.1	NonCanon
XM_016917733.2	LOC408577	XP_016773222.2	Canon
XM_016917845.2	LOC725318	XP_016773334.2	NonCanon
XM_016917895.2	LOC107963993	XP_016773384.2	NonCanon
XM_016917929.2	LOC412195	XP_016773418.1	NonCanon
XM_016917950.2	LOC724950	XP_016773439.2	Canon
XM_016918056.2	LOC408699	XP_016773545.1	NonCanon
XM_016918086.1	LOC408668	XP_016773575.1	NonCanon
XM_016918129.2	LOC725958	XP_016773618.1	NonCanon
XM_026438849.1	LOC550695	XP_026294634.1	NonCanon
XM_026438940.1	LOC726187	XP_026294725.1	Canon
XM_026438958.1	LOC100576862	XP_026294743.1	NonCanon
XM_026438966.1	LOC411906	XP_026294751.1	NonCanon
XM_026438976.1	LOC409530	XP_026294761.1	NonCanon
XM_026439065.1	LOC410879	XP_026294850.1	NonCanon
XM_026439070.1	LOC726760	XP_026294855.1	Canon
XM_026439095.1	LOC408661	XP_026294880.1	NonCanon
XM_026439140.1	LOC724669	XP_026294925.1	NonCanon
XM_026439152.1	LOC410087	XP_026294937.1	NonCanon
XM_026439244.1	LOC725491	XP_026295029.1	NonCanon
XM_026439353.1	LOC725068	XP_026295138.1	Canon
XM_026439396.1	LOC411376	XP_026295181.1	NonCanon
XM_026439464.1	LOC551970	XP_026295249.1	Canon
XM_026439466.1	LOC410091	XP_026295251.1	NonCanon
XM_026439502.1	LOC410911	XP_026295287.1	NonCanon
XM_026439524.1	LOC551457	XP_026295309.1	NonCanon
XM_026439529.1	LOC413233	XP_026295314.1	NonCanon
XM_026439633.1	LOC100577044	XP_026295418.1	NonCanon
XM_026439657.1	LOC551484	XP_026295442.1	NonCanon
XM_026439672.1	LOC410907	XP_026295457.1	NonCanon
XM_026439700.1	LOC724215	XP_026295485.1	NonCanon
XM_026439727.1	LOC410117	XP_026295512.1	NonCanon
XM_026439745.1	LOC726562	XP_026295530.1	Canon
XM_026439846.1	LOC113218670	XP_026295631.1	NonCanon
XM_026439981.1	LOC552451	XP_026295766.1	NonCanon
XM_026440020.1	LOC552283	XP_026295805.1	NonCanon
XM_026440032.1	LOC406139	XP_026295817.1	Canon
XM_026440041.1	LOC726980	XP_026295826.1	NonCanon
XM_026440047.1	LOC107964284	XP_026295832.1	NonCanon
XM_026440074.1	LOC100576898	XP_026295859.1	NonCanon
XM_026440087.1	LOC726826	XP_026295872.1	NonCanon
XM_026440105.1	LOC727166	XP_026295890.1	NonCanon
XM_026440108.1	LOC412166	XP_026295893.1	NonCanon
XM_026440117.1	LOC113218517	XP_026295902.1	NonCanon
XM_026440144.1	LOC724890	XP_026295929.1	NonCanon
XM_026440157.1	LOC408774	XP_026295942.1	NonCanon
XM_026440175.1	LOC412540	XP_026295960.1	NonCanon
XM_026440195.1	LOC408793	XP_026295980.1	NonCanon
XM_026440199.1	LOC724303	XP_026295984.1	Canon
XM_026440201.1	LOC551664	XP_026295986.1	Canon
XM_026440279.1	LOC552249	XP_026296064.1	Canon
XM_026440370.1	LOC552417	XP_026296155.1	NonCanon
XM_026440375.1	LOC107965749	XP_026296160.1	NonCanon
XM_026440380.1	LOC724226	XP_026296165.1	NonCanon
XM_026440384.1	LOC100576797	XP_026296169.1	NonCanon
XM_026440389.1	LOC113218558	XP_026296174.1	NonCanon
XM_026440411.1	LOC413638	XP_026296196.1	NonCanon
XM_026440442.1	LOC725266	XP_026296227.1	NonCanon
XM_026440451.1	LOC409051	XP_026296236.1	Canon
XM_026440488.1	LOC100576383	XP_026296273.1	NonCanon
XM_026440515.1	LOC725942	XP_026296300.1	NonCanon
XM_026440538.1	LOC724540	XP_026296323.1	NonCanon
XM_026440554.1	LOC725146	XP_026296339.1	NonCanon
XM_026440572.1	LOC725569	XP_026296357.1	NonCanon
XM_026440588.1	LOC552566	XP_026296373.1	NonCanon
XM_026440646.1	LOC725551	XP_026296431.1	Canon
XM_026440653.1	LOC409334	XP_026296438.1	Canon
XM_026440664.1	LOC725362	XP_026296449.1	NonCanon
XM_026440687.1	LOC550749	XP_026296472.1	NonCanon
XM_026440700.1	LOC107965828	XP_026296485.1	NonCanon
XM_026440704.1	LOC725899	XP_026296489.1	Canon
XM_026440745.1	LOC725404	XP_026296530.1	Canon
XM_026440746.1	LOC100578893	XP_026296531.1	NonCanon
XM_026440757.1	LOC410097	XP_026296542.1	NonCanon
XM_026440780.1	LOC100578156	XP_026296565.1	Canon
XM_026440826.1	LOC411115	XP_026296611.1	Canon
XM_026440844.1	LOC724431	XP_026296629.1	NonCanon
XM_026440888.1	LOC726286	XP_026296673.1	Canon
XM_026440893.1	LOC725529	XP_026296678.1	NonCanon
XM_026440904.1	LOC727022	XP_026296689.1	NonCanon
XM_026440915.1	LOC100578576	XP_026296700.1	NonCanon
XM_026440922.1	LOC551619	XP_026296707.1	NonCanon
XM_026440965.1	LOC107964419	XP_026296750.1	NonCanon
XM_026440989.1	LOC552441	XP_026296774.1	NonCanon
XM_026441019.1	LOC726497	XP_026296804.1	Canon
XM_026441022.1	LOC726530	XP_026296807.1	NonCanon
XM_026441054.1	LOC724169	XP_026296839.1	Canon
XM_026441127.1	LOC100576337	XP_026296912.1	NonCanon
XM_026441134.1	LOC727202	XP_026296919.1	NonCanon
XM_026441139.1	LOC100577764	XP_026296924.1	Canon
XM_026441164.1	LOC724221	XP_026296949.1	NonCanon
XM_026441192.1	LOC724656	XP_026296977.1	NonCanon
XM_026441255.1	LOC725770	XP_026297040.1	Canon
XM_026441273.1	LOC724350	XP_026297058.1	NonCanon
XM_026441345.1	LOC102654365	XP_026297130.1	NonCanon
XM_026441371.1	LOC411639	XP_026297156.1	Canon
XM_026441421.1	LOC724389	XP_026297206.1	NonCanon
XM_026441448.1	LOC412339	XP_026297233.1	NonCanon
XM_026441493.1	LOC408867	XP_026297278.1	NonCanon
XM_026441514.1	LOC410159	XP_026297299.1	NonCanon
XM_026441547.1	LOC724323	XP_026297332.1	NonCanon
XM_026441587.1	LOC408934	XP_026297372.1	NonCanon
XM_026441601.1	LOC412332	XP_026297386.1	NonCanon
XM_026441606.1	LOC726823	XP_026297391.1	NonCanon
XM_026441647.1	LOC100577763	XP_026297432.1	NonCanon
XM_026441684.1	LOC413873	XP_026297469.1	NonCanon
XM_026441724.1	LOC724863	XP_026297509.1	NonCanon
XM_026441739.1	LOC726401	XP_026297524.1	NonCanon
XM_026441778.1	LOC724798	XP_026297563.1	NonCanon
XM_026441850.1	LOC100577972	XP_026297635.1	NonCanon
XM_026441868.1	LOC408953	XP_026297653.1	NonCanon
XM_026441896.1	LOC102655814	XP_026297681.1	NonCanon
XM_026442009.1	LOC411223	XP_026297794.1	NonCanon
XM_026442024.1	LOC413616	XP_026297809.1	NonCanon
XM_026442032.1	LOC100577519	XP_026297817.1	NonCanon
XM_026442084.1	LOC412950	XP_026297869.1	NonCanon
XM_026442114.1	LOC551261	XP_026297899.1	NonCanon
XM_026442132.1	LOC726500	XP_026297917.1	Canon
XM_026442210.1	LOC552794	XP_026297995.1	NonCanon
XM_026442214.1	LOC552685	XP_026297999.1	NonCanon
XM_026442245.1	LOC726890	XP_026298030.1	NonCanon
XM_026442262.1	LOC409814	XP_026298047.1	Canon
XM_026442266.1	LOC724320	XP_026298051.1	NonCanon
XM_026442311.1	LOC100577053	XP_026298096.1	NonCanon
XM_026442375.1	LOC726822	XP_026298160.1	NonCanon
XM_026442378.1	LOC726315	XP_026298163.1	NonCanon
XM_026442382.1	LOC726872	XP_026298167.1	NonCanon
XM_026442383.1	LOC724443	XP_026298168.1	NonCanon
XM_026442492.1	LOC413914	XP_026298277.1	NonCanon
XM_026442498.1	LOC100577408	XP_026298283.1	Canon
XM_026442500.1	LOC408961	XP_026298285.1	NonCanon
XM_026442675.1	LOC725486	XP_026298460.1	NonCanon
XM_026442701.1	LOC409249	XP_026298486.1	NonCanon
XM_026442719.1	LOC551880	XP_026298504.1	NonCanon
XM_026442721.1	LOC413917	XP_026298506.1	NonCanon
XM_026442727.1	LOC408996	XP_026298512.1	NonCanon
XM_026442773.1	LOC412647	XP_026298558.1	Canon
XM_026442788.1	LOC100576085	XP_026298573.1	NonCanon
XM_026442798.1	LOC409036	XP_026298583.1	Canon
XM_026442841.1	LOC113218539	XP_026298626.1	NonCanon
XM_026442871.1	LOC552674	XP_026298656.1	NonCanon
XM_026442872.1	LOC552245	XP_026298657.1	NonCanon
XM_026442878.1	LOC725024	XP_026298663.1	Canon
XM_026442924.1	LOC727630	XP_026298709.1	Canon
XM_026442948.1	LOC409465	XP_026298733.1	NonCanon
XM_026442968.1	LOC411301	XP_026298753.1	NonCanon
XM_026443087.1	LOC726237	XP_026298872.1	NonCanon
XM_026443098.1	LOC551435	XP_026298883.1	NonCanon
XM_026443099.1	LOC727048	XP_026298884.1	NonCanon
XM_026443123.1	LOC551589	XP_026298908.1	NonCanon
XM_026443124.1	LOC411691	XP_026298909.1	NonCanon
XM_026443134.1	LOC725579	XP_026298919.1	NonCanon
XM_026443137.1	LOC726983	XP_026298922.1	NonCanon
XM_026443177.1	LOC725603	XP_026298962.1	NonCanon
XM_026443195.1	LOC552549	XP_026298980.1	Canon
XM_026443202.1	LOC724907	XP_026298987.1	NonCanon
XM_026443210.1	LOC102655612	XP_026298995.1	NonCanon
XM_026443226.1	LOC409361	XP_026299011.1	NonCanon
XM_026443243.1	LOC725611	XP_026299028.1	NonCanon
XM_026443287.1	LOC551231	XP_026299072.1	NonCanon
XM_026443291.1	LOC102654349	XP_026299076.1	NonCanon
XM_026443292.1	LOC409673	XP_026299077.1	NonCanon
XM_026443298.1	LOC412458	XP_026299083.1	NonCanon
XM_026443317.1	LOC552360	XP_026299102.1	NonCanon
XM_026443330.1	LOC725539	XP_026299115.1	NonCanon
XM_026443465.1	LOC413758	XP_026299250.1	NonCanon
XM_026443490.1	LOC412051	XP_026299275.1	NonCanon
XM_026443541.1	LOC410337	XP_026299326.1	NonCanon
XM_026443592.1	LOC107965250	XP_026299377.1	NonCanon
XM_026443655.1	LOC100576646	XP_026299440.1	NonCanon
XM_026443666.1	LOC551379	XP_026299451.1	NonCanon
XM_026443677.1	LOC727495	XP_026299462.1	NonCanon
XM_026443684.1	LOC102655523	XP_026299469.1	NonCanon
XM_026443685.1	LOC113219083	XP_026299470.1	NonCanon
XM_026443689.1	LOC410318	XP_026299474.1	NonCanon
XM_026443716.1	LOC411719	XP_026299501.1	NonCanon
XM_026443734.1	LOC410286	XP_026299519.1	NonCanon
XM_026443777.1	LOC412222	XP_026299562.1	NonCanon
XM_026443779.1	LOC100577735	XP_026299564.1	NonCanon
XM_026443803.1	LOC107965795	XP_026299588.1	NonCanon
XM_026443808.1	LOC727299	XP_026299593.1	NonCanon
XM_026443816.1	LOC100578030	XP_026299601.1	Canon
XM_026443850.1	LOC409171	XP_026299635.1	NonCanon
XM_026443859.1	LOC725780	XP_026299644.1	NonCanon
XM_026443903.1	LOC100577456	XP_026299688.1	NonCanon
XM_026443935.1	LOC100576185	XP_026299720.1	NonCanon
XM_026443959.1	LOC408369	XP_026299744.1	NonCanon
XM_026443994.1	LOC107965225	XP_026299779.1	NonCanon
XM_026444015.1	LOC102655948	XP_026299800.1	NonCanon
XM_026444063.1	LOC725351	XP_026299848.1	NonCanon
XM_026444070.1	LOC552626	XP_026299855.1	NonCanon
XM_026444071.1	LOC406097	XP_026299856.1	Canon
XM_026444108.1	LOC552375	XP_026299893.1	Canon
XM_026444140.1	LOC550829	XP_026299925.1	NonCanon
XM_026444178.1	LOC552247	XP_026299963.1	Canon
XM_026444246.1	LOC412884	XP_026300031.1	Canon
XM_026444251.1	LOC552156	XP_026300036.1	NonCanon
XM_026444402.1	LOC100578329	XP_026300187.1	NonCanon
XM_026444411.1	LOC724292	XP_026300196.1	NonCanon
XM_026444446.1	LOC724407	XP_026300231.1	NonCanon
XM_026444467.1	LOC724291	XP_026300252.1	Canon
XM_026444578.1	LOC408430	XP_026300363.1	NonCanon
XM_026444596.1	LOC725856	XP_026300381.1	NonCanon
XM_026444610.1	LOC100576819	XP_026300395.1	Canon
XM_026444710.1	LOC107965163	XP_026300495.1	NonCanon
XM_026444764.1	LOC725111	XP_026300549.1	Canon
XM_026444790.1	LOC107965398	XP_026300575.1	NonCanon
XM_026444922.1	LOC726227	XP_026300707.1	NonCanon
XM_026444925.1	LOC727378	XP_026300710.1	NonCanon
XM_026444928.1	LOC727320	XP_026300713.1	NonCanon
XM_026444931.1	LOC726928	XP_026300716.1	NonCanon
XM_026444954.1	LOC410559	XP_026300739.1	Canon
XM_026444987.1	LOC724159	XP_026300772.1	NonCanon
XM_026445011.1	LOC413579	XP_026300796.1	NonCanon
XM_026445202.1	LOC726259	XP_026300987.1	NonCanon
XM_026445205.1	LOC551709	XP_026300990.1	NonCanon
XM_026445206.1	LOC551651	XP_026300991.1	NonCanon
XM_026445211.1	LOC113218534	XP_026300996.1	NonCanon
XM_026445250.1	LOC725149	XP_026301035.1	NonCanon
XM_026445312.1	LOC726302	XP_026301097.1	NonCanon
XM_026445320.1	LOC726863	XP_026301105.1	NonCanon
XM_026445327.1	LOC725088	XP_026301112.1	Canon
XM_026445332.1	LOC552479	XP_026301117.1	NonCanon
XM_026445412.1	LOC727429	XP_026301197.1	NonCanon
XM_026445454.1	LOC725505	XP_026301239.1	NonCanon
XM_026445471.1	LOC725250	XP_026301256.1	NonCanon
XM_026445482.1	LOC411466	XP_026301267.1	NonCanon
XM_026445509.1	LOC727622	XP_026301294.1	NonCanon
XM_026445625.1	LOC724421	XP_026301410.1	NonCanon
XM_026445630.1	LOC100576115	XP_026301415.1	NonCanon
XM_026445672.1	LOC724865	XP_026301457.1	NonCanon
XM_026445708.1	LOC100578071	XP_026301493.1	NonCanon
XM_026445722.1	LOC102654610	XP_026301507.1	NonCanon
XM_026445748.1	LOC100578035	XP_026301533.1	NonCanon
XM_026445939.1	LOC413534	XP_026301724.1	NonCanon
XM_026445948.1	LOC102654368	XP_026301733.1	NonCanon
XM_026445984.1	LOC107965922	XP_026301769.1	NonCanon
XM_026445999.1	LOC725044	XP_026301784.1	NonCanon
XM_026446035.1	LOC724948	XP_026301820.1	NonCanon
XM_026446139.1	LOC551356	XP_026301924.1	NonCanon
XM_026446194.1	LOC725343	XP_026301979.1	NonCanon
XM_026446211.1	LOC412948	XP_026301996.1	NonCanon
XM_026446273.1	LOC726218	XP_026302058.1	NonCanon
XM_026446279.1	LOC726766	XP_026302064.1	Canon
XM_026446345.1	LOC551530	XP_026302130.1	NonCanon
XM_026446403.1	LOC100576649	XP_026302188.1	NonCanon
XM_026446439.1	LOC100576818	XP_026302224.1	NonCanon
XM_026446460.1	LOC107964089	XP_026302245.1	NonCanon
XM_026446461.1	LOC724471	XP_026302246.1	NonCanon
XM_026446509.1	LOC102655388	XP_026302294.1	NonCanon
XM_391948.7	LOC408400	XP_391948.3	NonCanon
XM_391975.6	LOC408428	XP_391975.4	NonCanon
XM_392044.7	LOC408501	XP_392044.2	Canon
XM_392055.7	LOC408511	XP_392055.2	NonCanon
XM_392065.7	LOC408520	XP_392065.2	NonCanon
XM_392115.7	LOC408573	XP_392115.1	NonCanon
XM_392117.7	LOC408575	XP_392117.2	NonCanon
XM_392223.7	LOC408687	XP_392223.2	NonCanon
XM_392263.7	LOC408728	XP_392263.1	NonCanon
XM_392313.7	LOC408782	XP_392313.1	Canon
XM_392346.7	LOC408815	XP_392346.4	NonCanon
XM_392359.7	LOC408827	XP_392359.2	NonCanon
XM_392364.6	LOC408833	XP_392364.4	NonCanon
XM_392365.5	LOC408834	XP_392365.1	Canon
XM_392401.7	LOC408871	XP_392401.3	NonCanon
XM_392423.7	LOC408892	XP_392423.2	NonCanon
XM_392521.7	LOC408989	XP_392521.3	NonCanon
XM_392556.6	LOC409026	XP_392556.3	NonCanon
XM_392569.6	LOC409041	XP_392569.2	NonCanon
XM_392599.7	LOC409074	XP_392599.1	Canon
XM_392624.7	LOC409098	XP_392624.5	NonCanon
XM_392640.7	LOC409115	XP_392640.1	NonCanon
XM_392650.7	LOC409125	XP_392650.4	Canon
XM_392651.6	LOC409126	XP_392651.2	NonCanon
XM_392681.6	LOC409157	XP_392681.2	NonCanon
XM_392698.7	LOC409173	XP_392698.3	NonCanon
XM_392704.7	LOC409179	XP_392704.2	NonCanon
XM_392711.7	LOC409187	XP_392711.4	Canon
XM_392725.7	LOC409201	XP_392725.1	NonCanon
XM_392727.7	LOC409203	XP_392727.4	NonCanon
XM_392750.7	LOC409226	XP_392750.1	Canon
XM_392816.7	LOC409298	XP_392816.2	Canon
XM_392826.7	LOC409308	XP_392826.1	NonCanon
XM_392837.7	LOC409320	XP_392837.4	NonCanon
XM_392845.7	LOC409329	XP_392845.4	NonCanon
XM_392857.6	LOC409341	XP_392857.2	Canon
XM_392880.7	LOC409365	XP_392880.5	Canon
XM_392901.7	LOC409386	XP_392901.2	Canon
XM_392920.7	LOC409405	XP_392920.1	Canon
XM_392925.6	LOC409410	XP_392925.3	NonCanon
XM_392954.5	LOC409441	XP_392954.1	NonCanon
XM_392993.7	LOC409485	XP_392993.2	NonCanon
XM_393029.7	LOC409523	XP_393029.2	Canon
XM_393044.7	LOC409538	XP_393044.4	NonCanon
XM_393065.7	LOC409557	XP_393065.4	NonCanon
XM_393089.7	LOC409586	XP_393089.1	NonCanon
XM_393110.7	LOC409607	XP_393110.1	NonCanon
XM_393165.7	LOC409667	XP_393165.3	Canon
XM_393186.7	LOC409689	XP_393186.1	NonCanon
XM_393208.7	LOC409709	XP_393208.1	Canon
XM_393223.7	LOC409725	XP_393223.1	Canon
XM_393224.7	LOC409726	XP_393224.2	NonCanon
XM_393237.7	LOC409740	XP_393237.4	NonCanon
XM_393262.7	LOC409769	XP_393262.1	NonCanon
XM_393285.7	LOC409791	XP_393285.1	Canon
XM_393293.7	LOC409801	XP_393293.2	NonCanon
XM_393324.7	LOC409833	XP_393324.2	NonCanon
XM_393342.7	LOC409852	XP_393342.3	NonCanon
XM_393347.6	LOC409857	XP_393347.3	NonCanon
XM_393353.6	LOC409863	XP_393353.2	NonCanon
XM_393381.7	LOC409890	XP_393381.2	NonCanon
XM_393391.7	LOC409900	XP_393391.1	NonCanon
XM_393396.6	LOC409905	XP_393396.2	NonCanon
XM_393403.7	LOC409912	XP_393403.3	NonCanon
XM_393411.6	LOC409920	XP_393411.1	Canon
XM_393416.7	LOC409925	XP_393416.2	Canon
XM_393419.7	LOC409928	XP_393419.3	NonCanon
XM_393421.5	LOC409930	XP_393421.1	NonCanon
XM_393437.7	LOC409945	XP_393437.3	NonCanon
XM_393438.6	LOC409946	XP_393438.2	Canon
XM_393452.7	LOC409962	XP_393452.4	NonCanon
XM_393466.7	LOC409976	XP_393466.2	NonCanon
XM_393487.7	LOC409999	XP_393487.3	Canon
XM_393493.6	LOC410005	XP_393493.3	NonCanon
XM_393545.7	LOC410059	XP_393545.2	NonCanon
XM_393651.6	LOC410167	XP_393651.3	NonCanon
XM_393670.7	LOC410187	XP_393670.5	NonCanon
XM_393727.6	LOC410245	XP_393727.2	NonCanon
XM_393743.6	LOC410262	XP_393743.4	NonCanon
XM_393764.7	LOC410283	XP_393764.2	NonCanon
XM_393819.7	LOC410338	XP_393819.4	NonCanon
XM_393856.6	LOC410376	XP_393856.2	NonCanon
XM_393875.4	LOC410395	XP_393875.1	NonCanon
XM_393894.7	LOC410414	XP_393894.1	NonCanon
XM_393900.7	LOC410420	XP_393900.2	NonCanon
XM_393964.6	LOC410485	XP_393964.2	NonCanon
XM_393973.6	LOC410494	XP_393973.2	NonCanon
XM_393989.7	LOC410510	XP_393989.4	Canon
XM_394004.7	LOC410525	XP_394004.2	NonCanon
XM_394029.6	LOC410550	XP_394029.5	NonCanon
XM_394040.7	LOC410561	XP_394040.3	NonCanon
XM_394050.7	LOC410571	XP_394050.5	NonCanon
XM_394061.6	LOC410583	XP_394061.2	NonCanon
XM_394092.7	LOC410614	XP_394092.3	Canon
XM_394142.7	LOC410665	XP_394142.4	NonCanon
XM_394287.7	LOC410811	XP_394287.5	NonCanon
XM_394313.7	LOC410837	XP_394313.1	NonCanon
XM_394416.7	LOC410940	XP_394416.4	NonCanon
XM_394419.7	LOC410943	XP_394419.2	NonCanon
XM_394428.5	LOC410952	XP_394428.1	NonCanon
XM_394460.7	LOC410985	XP_394460.1	NonCanon
XM_394469.6	LOC410994	XP_394469.1	Canon
XM_394471.5	LOC410996	XP_394471.1	Canon
XM_394485.7	LOC411012	XP_394485.2	Canon
XM_394487.7	LOC411014	XP_394487.2	NonCanon
XM_394516.6	LOC411043	XP_394516.2	NonCanon
XM_394574.7	LOC411100	XP_394574.3	NonCanon
XM_394614.7	LOC411140	XP_394614.1	NonCanon
XM_394637.7	LOC411163	XP_394637.2	NonCanon
XM_394641.7	LOC411167	XP_394641.3	NonCanon
XM_394665.7	LOC411191	XP_394665.1	NonCanon
XM_394722.7	LOC411249	XP_394722.5	NonCanon
XM_394733.7	LOC411260	XP_394733.2	NonCanon
XM_394768.7	LOC411294	XP_394768.4	NonCanon
XM_394769.7	LOC411295	XP_394769.2	Canon
XM_394855.6	LOC411381	XP_394855.4	NonCanon
XM_394865.7	LOC411391	XP_394865.3	NonCanon
XM_394882.7	LOC411408	XP_394882.2	NonCanon
XM_394948.7	LOC411473	XP_394948.6	NonCanon
XM_394949.6	LOC411474	XP_394949.4	NonCanon
XM_394982.6	LOC411509	XP_394982.4	NonCanon
XM_395011.7	LOC411540	XP_395011.2	NonCanon
XM_395023.7	LOC411552	XP_395023.4	NonCanon
XM_395048.6	LOC411577	XP_395048.4	Canon
XM_395122.5	LOC411654	XP_395122.1	NonCanon
XM_395166.7	LOC411698	XP_395166.2	NonCanon
XM_395180.7	LOC411712	XP_395180.5	Canon
XM_395200.7	LOC411732	XP_395200.2	NonCanon
XM_395224.6	LOC411757	XP_395224.3	NonCanon
XM_395256.7	LOC411789	XP_395256.3	NonCanon
XM_395266.7	LOC411799	XP_395266.4	NonCanon
XM_395283.7	LOC411816	XP_395283.4	Canon
XM_395323.6	LOC411856	XP_395323.2	NonCanon
XM_395342.7	LOC411875	XP_395342.4	NonCanon
XM_395371.7	LOC411902	XP_395371.3	NonCanon
XM_395373.6	LOC411904	XP_395373.3	NonCanon
XM_395404.7	LOC411935	XP_395404.2	NonCanon
XM_395412.5	LOC411943	XP_395412.2	NonCanon
XM_395451.7	LOC411985	XP_395451.4	NonCanon
XM_395471.6	LOC412005	XP_395471.3	NonCanon
XM_395493.6	LOC412027	XP_395493.4	NonCanon
XM_395496.7	LOC412030	XP_395496.2	NonCanon
XM_395530.5	LOC412064	XP_395530.1	NonCanon
XM_395548.7	LOC412082	XP_395548.2	NonCanon
XM_395563.7	LOC412097	XP_395563.4	Canon
XM_395614.6	LOC412150	XP_395614.3	NonCanon
XM_395632.7	LOC412169	XP_395632.3	NonCanon
XM_395694.6	LOC412232	XP_395694.2	NonCanon
XM_395697.7	LOC412235	XP_395697.2	Canon
XM_395755.7	LOC412294	XP_395755.2	NonCanon
XM_395770.6	LOC412309	XP_395770.1	NonCanon
XM_395826.7	LOC412366	XP_395826.2	NonCanon
XM_395924.5	LOC412467	XP_395924.2	NonCanon
XM_395981.7	LOC412526	XP_395981.2	NonCanon
XM_396009.7	LOC412554	XP_396009.2	NonCanon
XM_396028.7	LOC412573	XP_396028.5	NonCanon
XM_396035.6	LOC412580	XP_396035.2	NonCanon
XM_396074.6	LOC412619	XP_396074.2	NonCanon
XM_396079.6	LOC412624	XP_396079.3	NonCanon
XM_396126.6	LOC412670	XP_396126.2	NonCanon
XM_396131.7	LOC412675	XP_396131.3	NonCanon
XM_396142.7	LOC412687	XP_396142.4	Canon
XM_396145.7	LOC412690	XP_396145.2	NonCanon
XM_396203.7	LOC412750	XP_396203.4	NonCanon
XM_396215.7	LOC412762	XP_396215.1	NonCanon
XM_396254.7	LOC412801	XP_396254.6	NonCanon
XM_396321.6	LOC412869	XP_396321.3	NonCanon
XM_396338.7	LOC412886	XP_396338.2	Canon
XM_396341.6	LOC412889	XP_396341.3	NonCanon
XM_396382.6	LOC412931	XP_396382.3	NonCanon
XM_396447.6	LOC412996	XP_396447.3	NonCanon
XM_396462.7	LOC413011	XP_396462.2	NonCanon
XM_396561.4	LOC413110	XP_396561.1	NonCanon
XM_396581.7	LOC413130	XP_396581.5	NonCanon
XM_396584.5	LOC413133	XP_396584.2	NonCanon
XM_396630.6	LOC413179	XP_396630.2	NonCanon
XM_396646.7	LOC413196	XP_396646.1	NonCanon
XM_396686.6	LOC413240	XP_396686.2	NonCanon
XM_396696.6	LOC413250	XP_396696.4	NonCanon
XM_396716.7	LOC413271	XP_396716.1	NonCanon
XM_396720.6	LOC413275	XP_396720.2	NonCanon
XM_396750.6	LOC413305	XP_396750.5	NonCanon
XM_396810.7	LOC413365	XP_396810.3	NonCanon
XM_396819.7	LOC413374	XP_396819.2	Canon
XM_396838.6	LOC413394	XP_396838.2	Canon
XM_396855.6	LOC413411	XP_396855.2	Canon
XM_396874.7	LOC413430	XP_396874.5	Canon
XM_396879.6	LOC413435	XP_396879.3	NonCanon
XM_396933.7	LOC413489	XP_396933.1	Canon
XM_396939.6	LOC413495	XP_396939.2	NonCanon
XM_396963.7	LOC413520	XP_396963.2	NonCanon
XM_396972.7	LOC413529	XP_396972.6	NonCanon
XM_397008.5	LOC413567	XP_397008.1	NonCanon
XM_397017.6	LOC413576	XP_397017.3	NonCanon
XM_397043.7	LOC413601	XP_397043.2	NonCanon
XM_397056.7	LOC413614	XP_397056.2	NonCanon
XM_397061.7	LOC413619	XP_397061.1	NonCanon
XM_397085.7	LOC413643	XP_397085.2	NonCanon
XM_397109.6	LOC413668	XP_397109.3	Canon
XM_397113.7	LOC413672	XP_397113.1	NonCanon
XM_397129.7	LOC413688	XP_397129.4	NonCanon
XM_397181.7	LOC413742	XP_397181.1	Canon
XM_397221.7	LOC413782	XP_397221.5	Canon
XM_397228.7	LOC413789	XP_397228.2	NonCanon
XM_397248.7	LOC413809	XP_397248.4	Canon
XM_397266.6	LOC413827	XP_397266.3	NonCanon
XM_397293.7	LOC413854	XP_397293.3	NonCanon
XM_397317.7	LOC413878	XP_397317.2	NonCanon
XM_397318.7	LOC413879	XP_397318.4	NonCanon
XM_397320.7	LOC413881	XP_397320.1	Canon
XM_397355.6	LOC413916	XP_397355.2	NonCanon
XM_397412.7	LOC413976	XP_397412.2	NonCanon
XM_397463.7	LOC414027	XP_397463.2	NonCanon
XM_397475.7	LOC414039	XP_397475.2	NonCanon
XM_397526.7	LOC408807	XP_397526.2	NonCanon
XM_623073.5	LOC409263	XP_623076.2	NonCanon
XM_623102.6	LOC550710	XP_623105.1	Canon
XM_623108.6	LOC550716	XP_623111.3	Canon
XM_623143.6	LOC412543	XP_623146.2	NonCanon
XM_623157.5	LOC550767	XP_623160.1	NonCanon
XM_623179.5	LOC550789	XP_623182.1	NonCanon
XM_623193.5	LOC550804	XP_623196.3	NonCanon
XM_623210.6	LOC408971	XP_623213.1	NonCanon
XM_623217.6	LOC550827	XP_623220.1	Canon
XM_623224.5	LOC550834	XP_623227.1	NonCanon
XM_623241.6	LOC409762	XP_623244.1	NonCanon
XM_623275.4	LOC550884	XP_623278.2	Canon
XM_623279.6	LOC409911	XP_623282.2	NonCanon
XM_623284.5	LOC409495	XP_623287.2	Canon
XM_623296.6	LOC550901	XP_623299.3	NonCanon
XM_623298.6	LOC550903	XP_623301.2	NonCanon
XM_623360.6	LOC550966	XP_623363.1	NonCanon
XM_623368.6	LOC409577	XP_623371.1	Canon
XM_623432.6	LOC551036	XP_623435.1	Canon
XM_623438.5	LOC551042	XP_623441.1	NonCanon
XM_623453.4	LOC551057	XP_623456.1	Canon
XM_623487.6	LOC551088	XP_623490.2	NonCanon
XM_623510.5	LOC551114	XP_623513.3	NonCanon
XM_623549.6	LOC551154	XP_623552.1	NonCanon
XM_623570.6	LOC551177	XP_623573.2	NonCanon
XM_623593.5	LOC551198	XP_623596.2	Canon
XM_623595.5	LOC551200	XP_623598.1	NonCanon
XM_623602.5	LOC551207	XP_623605.2	NonCanon
XM_623670.5	LOC551276	XP_623673.3	NonCanon
XM_623687.6	LOC551290	XP_623690.5	Canon
XM_623702.6	LOC551303	XP_623705.3	NonCanon
XM_623750.6	LOC551353	XP_623753.4	NonCanon
XM_623761.6	LOC551364	XP_623764.2	NonCanon
XM_623776.6	LOC551381	XP_623779.1	NonCanon
XM_623779.5	LOC551384	XP_623782.1	Canon
XM_623799.6	LOC551405	XP_623802.2	NonCanon
XM_623806.5	LOC551413	XP_623809.3	NonCanon
XM_623807.5	LOC551414	XP_623810.1	NonCanon
XM_623818.6	LOC551426	XP_623821.1	NonCanon
XM_623834.5	LOC551441	XP_623837.2	NonCanon
XM_623837.5	LOC551445	XP_623840.1	NonCanon
XM_623844.6	LOC551452	XP_623847.3	NonCanon
XM_623895.6	LOC551501	XP_623898.4	NonCanon
XM_623912.6	LOC551517	XP_623915.2	Canon
XM_623948.6	LOC551554	XP_623951.1	Canon
XM_623993.6	LOC551602	XP_623996.3	NonCanon
XM_623998.4	LOC551607	XP_624001.1	NonCanon
XM_623999.6	LOC551608	XP_624002.4	Canon
XM_624009.6	LOC551618	XP_624012.3	Canon
XM_624020.5	LOC551629	XP_624023.2	NonCanon
XM_624022.6	LOC551631	XP_624025.3	NonCanon
XM_624033.5	LOC551642	XP_624036.2	NonCanon
XM_624049.6	LOC551660	XP_624052.1	NonCanon
XM_624051.6	LOC551662	XP_624054.3	NonCanon
XM_624057.6	LOC551668	XP_624060.4	Canon
XM_624083.6	LOC551695	XP_624086.1	NonCanon
XM_624109.5	LOC551721	XP_624112.1	Canon
XM_624111.6	LOC551723	XP_624114.1	NonCanon
XM_624144.5	LOC551757	XP_624147.2	NonCanon
XM_624179.6	LOC551794	XP_624182.1	NonCanon
XM_624190.6	LOC551805	XP_624193.2	NonCanon
XM_624202.5	LOC551817	XP_624205.2	NonCanon
XM_624204.6	LOC551819	XP_624207.3	Canon
XM_624212.6	LOC551827	XP_624215.4	NonCanon
XM_624258.5	LOC551872	XP_624261.3	NonCanon
XM_624307.6	LOC551922	XP_624310.2	Canon
XM_624334.6	LOC551952	XP_624337.2	NonCanon
XM_624343.6	LOC551961	XP_624346.1	Canon
XM_624346.6	LOC551964	XP_624349.1	NonCanon
XM_624351.6	LOC551969	XP_624354.1	Canon
XM_624355.6	LOC551972	XP_624358.1	NonCanon
XM_624369.5	LOC551986	XP_624372.2	NonCanon
XM_624382.6	LOC552000	XP_624385.4	NonCanon
XM_624416.6	LOC552036	XP_624419.3	Canon
XM_624418.6	LOC552038	XP_624421.1	Canon
XM_624435.6	LOC552056	XP_624438.1	NonCanon
XM_624443.4	LOC552064	XP_624446.3	Canon
XM_624453.6	LOC552075	XP_624456.2	NonCanon
XM_624469.6	LOC552091	XP_624472.3	Canon
XM_624472.6	LOC413228	XP_624475.1	NonCanon
XM_624474.6	LOC552095	XP_624477.3	NonCanon
XM_624503.6	LOC552123	XP_624506.1	NonCanon
XM_624504.4	LOC552124	XP_624507.1	NonCanon
XM_624517.6	LOC552138	XP_624520.1	Canon
XM_624518.5	LOC552139	XP_624521.1	NonCanon
XM_624522.5	LOC552143	XP_624525.3	NonCanon
XM_624523.6	LOC552144	XP_624526.2	Canon
XM_624524.6	LOC552145	XP_624527.2	NonCanon
XM_624529.6	LOC552150	XP_624532.3	Canon
XM_624540.6	LOC552161	XP_624543.3	NonCanon
XM_624558.6	LOC552180	XP_624561.1	NonCanon
XM_624559.6	LOC552181	XP_624562.2	NonCanon
XM_624571.5	LOC552194	XP_624574.2	NonCanon
XM_624573.5	LOC552196	XP_624576.1	NonCanon
XM_624574.6	LOC552197	XP_624577.2	Canon
XM_624578.6	LOC552201	XP_624581.2	Canon
XM_624581.6	LOC552204	XP_624584.4	NonCanon
XM_624613.6	LOC552237	XP_624616.1	NonCanon
XM_624639.6	LOC552263	XP_624642.1	NonCanon
XM_624688.6	LOC552313	XP_624691.1	NonCanon
XM_624689.5	LOC552314	XP_624692.2	NonCanon
XM_624690.6	LOC552315	XP_624693.1	Canon
XM_624703.5	LOC552327	XP_624706.1	NonCanon
XM_624718.5	LOC552342	XP_624721.2	NonCanon
XM_624765.5	LOC552392	XP_624768.1	NonCanon
XM_624776.5	LOC552403	XP_624779.1	NonCanon
XM_624784.6	LOC552410	XP_624787.1	Canon
XM_624798.6	LOC552424	XP_624801.1	NonCanon
XM_624816.5	LOC552443	XP_624819.1	NonCanon
XM_624823.6	LOC552449	XP_624826.3	NonCanon
XM_624833.5	LOC552458	XP_624836.1	NonCanon
XM_624834.5	LOC552460	XP_624837.1	NonCanon
XM_624849.6	LOC552476	XP_624852.1	Canon
XM_624858.5	LOC552485	XP_624861.2	NonCanon
XM_624869.5	LOC552495	XP_624872.2	NonCanon
XM_624876.6	LOC552501	XP_624879.1	NonCanon
XM_624886.6	LOC552510	XP_624889.3	NonCanon
XM_624887.6	LOC552511	XP_624890.1	NonCanon
XM_624892.5	LOC552516	XP_624895.1	NonCanon
XM_624896.6	LOC552520	XP_624899.1	Canon
XM_624905.6	LOC552529	XP_624908.3	NonCanon
XM_624907.5	LOC552531	XP_624910.1	NonCanon
XM_624909.5	LOC552533	XP_624912.3	NonCanon
XM_624927.6	LOC552551	XP_624930.1	NonCanon
XM_624933.6	LOC552557	XP_624936.3	NonCanon
XM_624935.5	LOC552559	XP_624938.1	NonCanon
XM_624947.5	LOC552571	XP_624950.1	Canon
XM_624981.5	LOC552607	XP_624984.1	NonCanon
XM_625012.4	LOC552637	XP_625015.1	Canon
XM_625025.6	LOC552650	XP_625028.1	NonCanon
XM_625031.6	LOC552656	XP_625034.1	NonCanon
XM_625034.5	LOC552658	XP_625037.1	NonCanon
XM_625072.6	LOC552696	XP_625075.1	NonCanon
XM_625090.5	LOC552715	XP_625093.1	NonCanon
XM_625095.6	LOC552720	XP_625098.1	Canon
XM_625096.5	LOC552721	XP_625099.2	Canon
XM_625098.6	LOC552723	XP_625101.1	NonCanon
XM_625105.5	LOC552730	XP_625108.2	NonCanon
XM_625109.6	LOC552734	XP_625112.2	NonCanon
XM_625122.5	LOC552747	XP_625125.2	NonCanon
XM_625123.6	LOC552748	XP_625126.3	NonCanon
XM_625145.6	LOC552769	XP_625148.1	NonCanon
XM_625151.6	LOC552776	XP_625154.1	NonCanon
XM_625177.4	LOC552802	XP_625180.1	NonCanon
XM_625202.6	LOC552827	XP_625205.1	NonCanon
XM_625207.5	LOC552832	XP_625210.1	NonCanon
XM_625242.6	LOC551318	XP_625245.2	NonCanon
XM_625247.6	LOC551416	XP_625250.4	NonCanon
XM_625251.6	LOC551541	XP_625254.1	NonCanon
XR_001705167.1	LOC551591		NonCanon
XR_001705310.2	LOC113218526		NonCanon
XR_003304650.1	LOC552797		NonCanon
XR_003304948.1	LOC409425		NonCanon
XR_003305295.1	LOC102655244		NonCanon
XR_003305301.1	LOC726626		NonCanon
XR_003305367.1	LOC100577196		NonCanon
XR_003305376.1	LOC100577266		NonCanon
XR_003305533.1	LOC413101		NonCanon
XR_003305775.1	LOC102656453		NonCanon
XR_003306023.1	LOC113219220		NonCanon
XR_003306132.1	LOC726720		NonCanon
XR_003306152.1	LOC102653951		NonCanon
XR_003306184.1	LOC102655145		NonCanon
XR_003306554.1	LOC102654230		NonCanon
XR_409587.3	LOC102656201		NonCanon
XR_409736.3	LOC102655522		NonCanon
XR_409884.3	LOC724490		NonCanon
XR_410952.2	LOC551890		NonCanon
XR_411270.3	LOC102654142		NonCanon
XR_411830.3	LOC100576660		NonCanon
XR_411843.3	LOC411147		NonCanon
NM_001013361.1	18-w	NP_001013379.1	Canon
