Gene	Double-hit_vs_single-hit	Triple-hit_vs_double-hit	Triple-hit_vs_single-hit
5-HT1	1.431854634859064e-12	8.161251197069674e-08	0
5-ht7	2.306251856154518e-10	8.110547728978901e-07	9.769962616701378e-15
Amel_8916	0	2.625428763280979e-09	0
Antp	0	1.448097530776238e-09	0
apd-3	0	1.357940360158238e-08	0
BBIP1	0.006025833760246235	0.01945486130337326	0.001501394986745064
Blop	1.40208087695548e-07	0.0001869041626499923	8.905644000023472e-10
Brd7	3.409538782528365e-06	0.002158776602288359	1.873600131707676e-07
Cac	0	1.906159982079103e-07	0
Calpb	4.174438572590589e-14	5.711377193406975e-07	0
Cdk5	7.514211475267984e-12	8.460810596577772e-08	0
Cpap3-c	2.126849506511874e-07	0.0001402521755056174	1.016904449535616e-09
CPR19	1.768800845458607e-06	0.008238743884926514	3.360637523819321e-07
CytC	0.0002593284686805974	0.001510169668482497	8.254087799808296e-06
Dcr-1	0	7.771561172376096e-15	0
Dl	2.506661544998678e-12	3.579975993428519e-08	0
Dop1	8.881784197001252e-15	1.947308714278506e-08	0
DopR2	0	1.246625025430603e-11	0
E74	1.715273478808399e-09	0.0001978150071120233	1.304856223072193e-11
Ef-1a-f1	0	1.297292642088443e-06	0
Eif4g	0	3.191074441577513e-06	0
Ets97D-like	4.658222624109865e-05	7.279819858752035e-05	9.594141370250497e-08
For	0	4.880386184069607e-08	0
Foxp	0	4.403176325773472e-07	0
Fstl5	1.084510241278203e-06	0.0005041593304806469	1.623513790072195e-08
Gat-1B	4.751066207120402e-11	1.635148958456512e-07	4.440892098500626e-16
Gfat2	0	1.956422945870173e-08	0
Glob1	3.349282767795003e-07	0.01484517663976004	1.141333199061734e-07
Grd	1.591834524194979e-06	0.0001901443741126885	9.425045521815889e-09
KAT2A	9.192370598043453e-08	2.063672111929371e-05	7.353062603243643e-11
LCCH3	0	8.881784197001252e-16	0
LOC100576162	1.579321007305623e-09	0.0003589000295841638	2.10443884540723e-11
LOC100576165	0.1607342541277487	0.9583592238725678	0.3734334820769841
LOC100576198	1.543210004228968e-14	0.0001316613518518306	1.110223024625157e-16
LOC100576321	1.110223024625157e-16	3.867930826628729e-05	0
LOC100576346	0	1.159561335839498e-11	0
LOC100576359	6.736556803521587e-05	0.0001506833275447539	2.703509025536732e-07
LOC100576361	8.280903618373969e-08	0.08551560815957071	1.310050645741967e-07
LOC100576369	5.396650380351531e-06	0.0001124017318605564	1.853550080088695e-08
LOC100576374	2.564565769747063e-07	0.004415888338714535	2.980794255869057e-08
LOC100576384	6.628031457012185e-14	0.02960396254681241	5.939693181744587e-14
LOC100576402	1.501687663107987e-12	0.001858410318291259	1.070254995738651e-13
LOC100576433	0.4179507931801446	0.1110147465258633	0.2023223457454788
LOC100576461	1.298960938811433e-14	0.0002044406411633171	1.110223024625157e-16
LOC100576472	4.195771262649473e-07	6.316339047685027e-06	1.030305840643564e-10
LOC100576497	2.570166302007237e-13	0.006522211285366897	5.928590951498336e-14
LOC100576512	1.901951061089591e-07	2.831339496189855e-09	2.775557561562891e-14
LOC100576527	1.717975508519487e-07	0.05793425280455444	1.928664767891775e-07
LOC100576543	1.669836250606238e-06	0.1903600268576348	4.424738803909811e-06
LOC100576608	0.001224575187264598	0.1580776138342836	0.001983868415272094
LOC100576610	3.929491176890565e-10	0.02457407964183933	2.522454467523971e-10
LOC100576615	4.376697892993775e-10	0.001978959879959774	2.931110909543122e-11
LOC100576640	0	1.431921248240542e-11	0
LOC100576666	4.107825191113079e-15	0.002341643228845669	4.440892098500626e-16
LOC100576667	0.000224455058674744	0.08742560177303549	0.0002566535615124987
LOC100576671	0	0.0002012837434570702	0
LOC100576677	2.574858142145864e-05	0.0333078766140894	1.482572753441769e-05
LOC100576703	1.110223024625157e-16	1.069220206006971e-05	0
LOC100576799	0	4.69755767457114e-05	0
LOC100576805	9.836575998178887e-14	3.031574991041452e-12	0
LOC100576812	1.571936134880936e-05	0.1054496759073509	2.406686740175079e-05
LOC100576818	1.150642585656669e-06	3.20737289873918e-05	1.282550177172936e-09
LOC100576866	0.0002285571068774139	0.03071546655134372	0.0001089515179262257
LOC100576912	9.038719883669444e-09	0.002661998935890253	7.345561936489275e-10
LOC100576915	1.403110960751519e-11	0.000558394726505318	3.146372051787694e-13
LOC100576947	5.6890365784934e-07	0.8929631368570955	3.665744133130033e-06
LOC100576953	2.240160279498582e-10	0.002222674600723451	1.695421580905077e-11
LOC100576963	2.08572048521205e-11	0.0006506779982954347	5.347944309619379e-13
LOC100576965	0	1.051932975615344e-05	0
LOC100576974	0.07319049441901615	1	0.2009003159736246
LOC100577030	9.856804261687557e-11	0.001046638506728592	3.798517056452511e-12
LOC100577053	0.001417032609782987	0.5359970832112559	0.005075893926713704
LOC100577069	2.272311687478989e-06	0.00844449997039487	4.370269615083799e-07
LOC100577092	6.183896728018112e-10	0.4251344252058074	3.575000739886036e-09
LOC100577098	1.833538876283569e-10	6.081836266824681e-07	5.88418203051333e-15
LOC100577120	3.942703749737486e-05	0.003041368138563039	2.650853498487038e-06
LOC100577136	2.52209204520959e-07	0.2713297292856353	9.21329056158271e-07
LOC100577140	2.518318886757243e-12	0.04058962216611817	2.769118268020065e-12
LOC100577149	3.283928177499895e-05	7.43030958475499e-05	7.019550996023582e-08
LOC100577194	0	9.224059711854249e-05	0
LOC100577198	0	7.386592443370255e-06	0
LOC100577231	1.77635683940025e-15	0.6610514125488034	1.620925615952729e-14
LOC100577268	2.062094462196296e-05	0.134128882871745	3.763557531899497e-05
LOC100577280	1.267874694121929e-13	9.221797953129496e-05	5.551115123125783e-16
LOC100577296	0.001494342441398788	8.327247248085534e-06	3.141485254154475e-07
LOC100577325	8.698473522361638e-06	0.01901362559453157	3.242850685647447e-06
LOC100577363	0.2536974842104777	0.4349667417937289	0.384359886137503
LOC100577369	1.880781095309203e-07	3.760669590180399e-07	3.153033389935445e-12
LOC100577376	0	0.0001397528175366425	0
LOC100577386	3.436935144263131e-07	0.0003017467709317545	3.31985094970122e-09
LOC100577397	0.0003362907126249759	0.06422500292975786	0.0002914365273840591
LOC100577401	9.371588338913384e-06	0.001426003693372979	3.368467306197331e-07
LOC100577409	6.818989817247711e-13	1.154138364489743e-05	4.440892098500626e-16
LOC100577430	0	7.047721870978574e-05	0
LOC100577472	9.521031740788999e-09	3.049866381665822e-08	1.532107773982716e-14
LOC100577527	5.88418203051333e-15	0.0002838510617362289	1.110223024625157e-16
LOC100577530	3.271379389602203e-09	5.310240354072793e-05	7.073897023701647e-12
LOC100577561	0.004211471624685381	4.76592654230501e-09	5.985449913481489e-10
LOC100577575	4.508117212864704e-10	0.0004894111769992993	8.277378782395317e-12
LOC100577600	1.110223024625157e-16	2.194731618665458e-09	0
LOC100577606	0.004837951153000342	0.004731266276930435	0.0003494259649748921
LOC100577638	8.459899447643693e-14	0.0006554898637183282	2.442490654175344e-15
LOC100577644	5.482838070336449e-06	0.997965742842755	3.262668655568124e-05
LOC100577656	4.975057033007602e-10	0.001943893297908783	3.267541792695283e-11
LOC100577687	2.301532157411579e-06	0.04796731671232746	2.008304240352921e-06
LOC100577697	5.78739196566147e-08	6.026349586352175e-06	1.45043976829129e-11
LOC100577739	0	8.261938601317187e-05	0
LOC100577856	3.871791776077771e-12	3.183482333457555e-05	5.995204332975845e-15
LOC100577901	7.771561172376096e-16	0.0001785465382128093	0
LOC100577905	0	2.517502872834143e-10	0
LOC100577936	2.319033853837027e-12	7.088495063922728e-06	8.881784197001252e-16
LOC100577943	3.296807271624402e-12	0.03454948831840365	3.144151605738443e-12
LOC100577955	3.475837062616449e-09	0.002223060039963753	2.458284686923662e-10
LOC100577958	1.149325079552455e-09	0.3793837949514608	6.111489314619689e-09
LOC100577972	0	0	0
LOC100577980	0	0	0
LOC100577995	2.220446049250313e-15	2.219376806777973e-07	0
LOC100578011	5.662042612541995e-09	0.0224443314068854	3.139395077234042e-09
LOC100578031	0.0003340096609364407	0.1680130448146743	0.000620514941748751
LOC100578071	0	2.750668581796845e-10	0
LOC100578105	0.000216888103843238	9.790228617634344e-05	5.421237836422677e-07
LOC100578119	1.023980833458893e-08	5.662771028203117e-06	2.544520150138396e-12
LOC100578126	8.815170815523743e-14	3.48616469025842e-10	0
LOC100578132	6.415145230809216e-06	0.0007583633678026613	1.307061513466934e-07
LOC100578144	2.997602166487923e-15	3.344810104444207e-07	0
LOC100578146	1.647206348653896e-06	3.912123168203774e-05	2.186908432122436e-09
LOC100578201	0	3.0054594368778e-09	0
LOC100578207	0	2.152493032159253e-05	0
LOC100578226	4.463096558993129e-14	8.016716087433373e-05	2.220446049250313e-16
LOC100578237	0	6.042713928045007e-05	0
LOC100578246	1.2630718693174e-10	2.602790202421712e-05	1.502131752317837e-13
LOC100578247	2.690292433271679e-11	4.446070526520352e-06	6.106226635438361e-15
LOC100578289	2.008393451546908e-13	0.0004609302711575669	4.107825191113079e-15
LOC100578298	8.77370140761613e-07	0.0003159444917699705	8.555185782022079e-09
LOC100578321	2.535749388243858e-13	0.0006847249091231911	7.438494264988549e-15
LOC100578332	9.346349749694838e-08	5.517997705850597e-05	1.901756530031662e-10
LOC100578349	0.003596850798239015	1.158625276609371e-05	9.626500133697036e-07
LOC100578363	0	0.05052398713672135	1.110223024625157e-16
LOC100578382	1.001370187991846e-06	0.1567838640220418	2.340296242242523e-06
LOC100578406	1.55427714798595e-06	0.2455469335418308	4.960259376685094e-06
LOC100578439	5.520695012251053e-12	0.0008222167961718929	1.807443084089755e-13
LOC100578442	0.00013032136767821	0.007354405255375562	1.826144997041368e-05
LOC100578450	7.732367976664989e-05	0.006203617200249978	9.574500177578216e-06
LOC100578515	0	1.749631739489388e-08	0
LOC100578537	5.488627872196616e-07	4.435789547041491e-05	8.552861752164631e-10
LOC100578546	0.0004016085691451732	0.005224718060713784	3.859719845733522e-05
LOC100578556	3.018786220998493e-09	0.004520445853767874	4.091962324537235e-10
LOC100578563	8.134207739596278e-07	0.01527783441403807	2.754187193865221e-07
LOC100578580	8.444698466836265e-06	0.03900277591458035	5.858614920084548e-06
LOC100578587	4.440892098500626e-15	8.934774188951167e-06	0
LOC100578600	0	6.425349515781775e-07	0
LOC100578602	0.002869059146520803	0.7108227072449341	0.01096343305257563
LOC100578606	4.483725613013689e-10	0.008296846202669905	1.101558844140982e-10
LOC100578660	2.618864199388504e-06	0.0658702640302441	2.960419101416534e-06
LOC100578721	7.498123544280588e-06	0.2189379927813352	2.06760069894063e-05
LOC100578725	0.03718802017396849	0.06363002991070077	0.02042565371847505
LOC100578801	0.002005821493926141	0.000628004217003264	2.448033069057942e-05
LOC100578828	1.00478392298653e-05	0.002392795265788616	5.79234899711345e-07
LOC100578852	1.939520692717522e-06	0.006444807662626006	2.945599278936228e-07
LOC100578860	3.750580113148771e-08	0.0006525587252363962	7.995059059240361e-10
LOC100578893	0.003974026626796023	0.0002049345389510959	1.603931752125476e-05
LOC100578920	1.110223024625157e-16	1.631526516110426e-07	0
LOC100578927	2.257464163379908e-07	0.0001072700480411193	8.366195514142305e-10
LOC100578939	1.187938636348917e-14	4.869885194258572e-05	0
LOC100578947	3.754090704966018e-09	0.09797135391299228	7.246449995612636e-09
LOC100578984	1.197676757769273e-08	5.483167882047724e-05	2.576605595550063e-11
LOC100578999	2.107594876399332e-09	3.468014997398683e-08	3.996802888650564e-15
LOC100579026	0	0.000338189938103195	0
LOC102653780	0	7.720888483664368e-06	0
LOC102653793	0.001485660711641246	0.0001896531133012136	6.061116315847492e-06
LOC102653940	0.0003155104312724255	0.0004342403780215331	3.120905002984564e-06
LOC102654029	0.0001187598302090365	0.0003435483102040005	1.001047525761578e-06
LOC102654047	0	0.1610720359670749	0
LOC102654206	0	2.236179073022981e-07	0
LOC102654365	4.891333094114714e-08	0.5493062447716412	2.883842853407259e-07
LOC102654510	2.873702198424866e-08	0.0003558261974461185	3.507414358949745e-10
LOC102654640	1.090663906966327e-07	0.2440382623022419	3.805862018868567e-07
LOC102654653	0	5.901601815461177e-05	0
LOC102654839	2.452427849686245e-08	1.298857984499691e-07	1.568745133795346e-13
LOC102654955	0	0.00101839612620902	0
LOC102654959	0	3.708052975781584e-09	0
LOC102655126	0.001066112626168403	0.4683899213998107	0.003633990692477163
LOC102655259	6.197620194825504e-11	0.02899265279807239	4.786770979592347e-11
LOC102655263	0.0001787353403437386	0.0002907359089883155	1.258268531922901e-06
LOC102655429	0	1.865507748277651e-12	0
LOC102655778	0.005753491650337228	0.144083440658333	0.007598041285164059
LOC102655819	3.774758283725532e-15	3.25589933281023e-06	0
LOC102655824	3.355843714025752e-08	0.05633377974963538	3.875127596586481e-08
LOC102655922	6.359342182626904e-06	0.1802158554400642	1.531983047609042e-05
LOC102655994	0.0008743561836557223	0.0001084624679786872	2.193824104157471e-06
LOC102656258	0.0008717969840171813	0.2421884565178458	0.001979721363925879
LOC102656444	8.612222046622264e-12	0.0001788916640852456	6.716849298982197e-14
LOC102656473	3.163033124309322e-08	0.002740951892609256	2.54636656205065e-09
LOC102656490	6.53391785121471e-11	0.1905930094878294	2.322082526262648e-10
LOC102656501	0	2.67752486848849e-12	0
LOC102656594	9.423611021897038e-05	0.1058475292292366	0.0001320962260373815
LOC102656656	0	1.391275128437286e-08	0
LOC102656733	3.604677233282061e-05	0.6226822442659304	0.0001741601530057535
LOC102656766	2.556056666436213e-06	0.05619572796480499	2.535600063025001e-06
LOC102656796	4.082100210944795e-05	0.06572957389186151	4.068304968440906e-05
LOC107963960	4.585221091701897e-14	2.806830368129454e-08	0
LOC107963983	1.886686832319739e-06	0.005255839303162868	2.386727757652807e-07
LOC107964404	1.74839198674448e-09	0.0005170312112380282	3.267364157011343e-11
LOC107964839	0	1.331856371078466e-06	0
LOC107964884	5.814030668016557e-08	0.01313620440433316	1.883501232757823e-08
LOC107965828	0.001843893565079413	1	0.007834418687733047
LOC113218521	5.893047840821453e-07	0.0388150860221016	4.527466693771132e-07
LOC113218569	3.618531030369354e-09	0.06562428794826514	5.049226259323802e-09
LOC113218580	0	0.0214174040459012	0
LOC113218647	6.661338147750939e-16	4.227403690182374e-05	0
LOC113218774	1.509858845727408e-07	0.05506385816306525	1.631769716015086e-07
LOC113218781	0.007402753894619085	0.02444545945736798	0.002203633290700724
LOC113218809	0.007756195399716281	0.2681460569448318	0.01564563242344164
LOC113218829	0.00343443989118053	0.01337266836848239	0.0006490143131716586
LOC113218959	1.679416228306252e-08	0.05005196707705606	1.793026738194925e-08
LOC113219045	3.238805290628477e-08	0.001076570694925616	1.103295232951496e-09
LOC406124	0	0	0
LOC408293	5.236922007156863e-13	3.512412583006608e-12	0
LOC408298	9.992007221626409e-16	3.764314193688278e-09	0
LOC408302	0	2.631027183563894e-06	0
LOC408304	4.410916076835747e-13	0.0003017832211447136	5.995204332975845e-15
LOC408312	0.001682726760877329	0.0001498008422721187	5.444862230308267e-06
LOC408315	3.517238045258608e-08	0.002042500944896219	2.156170353373454e-09
LOC408316	1.827134877840919e-07	0.0006144956506066723	3.502786727338503e-09
LOC408317	2.220446049250313e-16	2.617557995665543e-05	0
LOC408320	1.528999149513766e-12	1	1.381450509541082e-11
LOC408333	0	0	0
LOC408335	1.018782835870979e-10	0.001161393031786306	4.319322677304172e-12
LOC408337	0	3.141931159689193e-14	0
LOC408343	0	5.96500848715209e-10	0
LOC408354	0	0	0
LOC408372	2.499110220988143e-07	1	1.674322809286366e-06
LOC408373	7.787997546859771e-08	0.001915923391086038	4.393058694596164e-09
LOC408374	0	8.145734360365253e-07	0
LOC408382	7.527367618109793e-10	5.194224743654274e-06	1.844080443902385e-13
LOC408412	9.37643773735175e-09	0.003439695226468586	9.617077134649321e-10
LOC408414	8.659739592076221e-15	8.701297371516148e-08	0
LOC408433	1.048240605427964e-08	5.430950212548247e-06	2.50099940757309e-12
LOC408443	0	8.886197541957408e-05	0
LOC408457	4.064794185132392e-06	0.000638104091875924	7.191924245031345e-08
LOC408471	0	8.040947303555868e-07	0
LOC408494	0	0.00287737157384349	0
LOC408497	9.149347945935915e-13	6.857844757623965e-06	3.33066907387547e-16
LOC408511	6.606382108031994e-12	1.743516601981909e-06	6.661338147750939e-16
LOC408520	1.920314440795323e-08	0.0006137907223161543	3.944238269326661e-10
LOC408526	0	0.0001102396382459681	0
LOC408528	0	0	0
LOC408543	0	9.939826739469027e-13	0
LOC408546	6.237523830776581e-10	0.007538931529395887	1.395269455528592e-10
LOC408551	0	0	0
LOC408552	0	0	0
LOC408557	0.0003433118871366547	0.0009547714854081235	7.027983980112396e-06
LOC408559	0	0.581232626076603	0
LOC408561	0	9.890353369623739e-08	0
LOC408565	1.96486516292893e-05	0.001361458724145059	6.539941592720311e-07
LOC408568	2.55351295663786e-15	0.0004970918899239729	1.110223024625157e-16
LOC408569	4.867370489658462e-06	0.00194831562023845	2.398644565193564e-07
LOC408579	5.542233338928781e-13	0.0002504366802797975	6.217248937900877e-15
LOC408586	0	1.538735805439728e-11	0
LOC408587	1.720040934127809e-06	0.07641776097507136	2.233012770691545e-06
LOC408589	4.532885733432579e-09	1.498238653030448e-06	3.216316102339078e-13
LOC408614	5.616068488145665e-06	0.01989688768972986	2.220335018177089e-06
LOC408618	2.629896300732071e-12	0.001235904251969289	1.27453603226968e-13
LOC408619	0	3.71748187788512e-11	0
LOC408625	3.873527136044608e-06	0.002661582351328184	2.564721413023108e-07
LOC408626	6.888634107582448e-11	0.006557941906399578	1.430688900683208e-11
LOC408632	7.178095042803534e-07	0.0007219723844403836	1.524119597196005e-08
LOC408656	2.543965038626084e-11	0.04760197010620371	3.054434483118484e-11
LOC408660	0	0.0005305842027653052	0
LOC408661	0	4.050368040964258e-09	0
LOC408674	0	0.002450208351478578	0
LOC408675	0	0.05162763882239529	0
LOC408687	1.443293736147488e-05	0.003653471664504804	1.204118227793316e-06
LOC408693	9.225953334635051e-14	0.0003646778587182986	1.554312234475219e-15
LOC408697	6.905587213168474e-13	0.0001617500194941446	5.10702591327572e-15
LOC408708	1.775140145987564e-09	2.741615531498542e-05	2.082223282684481e-12
LOC408714	0	1.320642756152957e-06	0
LOC408717	0.008675202820513706	1	0.03193126151566572
LOC408721	0.04772560639183776	0.05660187015296447	0.02289264795884693
LOC408752	0	1.704103524957645e-11	0
LOC408762	0	0.0284178508916777	0
LOC408766	2.315595715174368e-09	0.0004906288076735876	4.091249561355426e-11
LOC408791	2.382383179622138e-11	0.002944881445768099	2.450484259952646e-12
LOC408794	0	3.905342563348402e-05	0
LOC408804	5.484501741648273e-14	0.2101786828978931	2.398081733190338e-13
LOC408819	0.001049004918859731	0.001563826497900545	3.134574938956636e-05
LOC408824	0	4.829504091974357e-06	0
LOC408826	1.126876369994534e-13	0.0001428141409783867	7.771561172376096e-16
LOC408827	1.454392162258955e-14	7.380762361286486e-07	0
LOC408835	1.742550548300414e-11	0.0001279779902779721	9.781064846947629e-14
LOC408836	7.11849395451658e-06	0.003673293554070978	6.160810683830675e-07
LOC408842	2.367106510803296e-12	3.432365502931134e-12	0
LOC408860	3.869992870608741e-08	0.11645708221651	8.018460695424778e-08
LOC408862	0	2.466988835436723e-10	0
LOC408863	4.446576440386707e-11	0.000135066799018646	2.573496971081113e-13
LOC408866	0.312487654788414	0.09297200710322828	0.1464400348092457
LOC408869	7.217604292009128e-11	5.187271018280981e-07	1.998401444325282e-15
LOC408874	0	8.169790399747967e-10	0
LOC408877	8.453603372871044e-10	1.0069646559141e-05	3.889111255261923e-13
LOC408878	0	0.003164679055581154	0
LOC408884	6.468051649832773e-10	5.190955236766825e-06	1.589839371263224e-13
LOC408887	0	1.514455227891176e-12	0
LOC408889	1.327826737451687e-13	4.290362042524976e-06	0
LOC408890	1.77635683940025e-15	5.438897777421126e-05	0
LOC408901	5.467125869684786e-06	0.0008373635317650008	1.229620976150869e-07
LOC408902	0.004983654840560403	0.3494116473031534	0.0125193915036208
LOC408910	2.520206265899105e-14	8.690392849786122e-11	0
LOC408915	1.496669455036681e-11	6.652701569076491e-06	5.10702591327572e-15
LOC408916	4.987103507936297e-09	0.002095903117727116	3.309612583990429e-10
LOC408923	0	2.95490086399397e-07	0
LOC408935	3.555660765819368e-09	0.008768466761732041	8.711726895427319e-10
LOC408942	0	4.137862796849134e-08	0
LOC408955	0.0001009414912070961	0.1308086350772443	0.0001664280228831361
LOC408958	0	1.600119370337438e-09	0
LOC408959	0	2.153832667772804e-14	0
LOC409000	2.82121770389665e-10	9.938209031612466e-06	1.315614284180811e-13
LOC409001	3.122025682422702e-08	7.502311877694012e-05	8.788825223149388e-11
LOC409007	0.00296464629048443	0.1175521756887462	0.003555116483595966
LOC409025	0.0001692652256973792	0.008629313052788024	2.695381814299402e-05
LOC409026	8.162164451208653e-06	0.04925300933744492	6.906104770054711e-06
LOC409034	0	2.067117086834713e-06	0
LOC409039	0	2.601252546696742e-13	0
LOC409041	0.03134320165660154	0.02199568581608025	0.007153910940298602
LOC409059	0.0005895988125070861	7.022055159566776e-09	1.42937883751415e-10
LOC409070	4.646678064545995e-08	2.756906081202715e-08	6.494804694057166e-14
LOC409077	0	0.2656920611443031	0
LOC409078	4.826454125250734e-09	0.007268061428801209	9.914696841306636e-10
LOC409091	0	0.009000944577067238	0
LOC409106	0	5.650558959735541e-06	0
LOC409108	0	0.002548949588249361	0
LOC409109	1.104986102618e-10	2.949702338561622e-05	1.485478406948459e-13
LOC409111	2.965550027766994e-11	1.004597516285344e-10	0
LOC409119	7.668313650732728e-09	1.957036277477897e-08	8.104628079763643e-15
LOC409122	9.450737080807237e-06	0.4307070981925656	4.026083687369564e-05
LOC409125	0.000489904102467742	0.02815971789528982	0.0002063401713229274
LOC409134	1.477600408594792e-05	2.751967162561986e-05	1.279690320377114e-08
LOC409139	3.921307722976053e-13	0.02574836601956643	3.023137296054301e-13
LOC409153	0.03932877619888653	0.002586287074132221	0.001277862261899521
LOC409157	0.0009244825071841323	0.001455869856375469	2.610636807376387e-05
LOC409159	8.863498823785676e-10	0.008642762300369422	2.221439698857353e-10
LOC409164	6.927791673660977e-13	2.356700734562622e-08	0
LOC409170	0	9.57456336436735e-13	0
LOC409179	2.596630688245227e-10	0.000216882288390674	2.255307052223543e-12
LOC409180	1.110223024625157e-16	0.1587883251085679	4.440892098500626e-16
LOC409184	3.191191755291811e-11	0.04393648471884415	3.56423779379611e-11
LOC409186	4.525065877558632e-10	1.400445901023062e-06	3.186340080674199e-14
LOC409191	4.918287999089443e-14	0.1807897887167323	1.928457393773897e-13
LOC409201	5.629371520343707e-05	2.65147504940888e-06	4.878186521395378e-09
LOC409203	0	0.2048270257502175	1.110223024625157e-16
LOC409221	0	6.48272213688017e-10	0
LOC409225	0.002775161499206757	0.1661376699446716	0.004367461106398851
LOC409235	1.018074513581269e-12	0.1409346564574535	3.135047776936517e-12
LOC409247	5.183124655028237e-07	0.008265686404808958	1.033942922390452e-07
LOC409267	1.241229341530925e-13	0.02979454736754039	1.106892355551281e-13
LOC409273	0	2.753700130142533e-07	0
LOC409279	1.248781644758168e-08	5.839004502128375e-09	3.996802888650564e-15
LOC409283	4.219846694297757e-12	2.685962563475641e-12	0
LOC409286	1.365574320288943e-14	4.51592843120352e-08	0
LOC409292	0.001284385574931934	0.006955478226119305	0.0001470656606638032
LOC409293	5.858491469723504e-11	2.205200047078471e-05	6.050715484207103e-14
LOC409299	5.482541975965205e-09	7.115123398238055e-07	1.890709810936642e-13
LOC409307	3.896324836649701e-05	0.05136137424537712	3.171113191990926e-05
LOC409318	8.036620048779142e-06	0.003436811960136121	6.512119660184723e-07
LOC409331	0.1126734664284287	0.3654057337339005	0.1886667757067882
LOC409335	1.07535091942168e-11	0.02574998859851607	7.780220911968172e-12
LOC409336	2.974875807915112e-07	0.01742639259267931	1.171943440070322e-07
LOC409351	0.0003504229136636061	0.1253710254224243	0.0005186691037645241
LOC409357	7.018907677291963e-11	2.348454763989594e-12	0
LOC409358	0.00104040313100473	0.0001268397943418043	2.987094409045987e-06
LOC409377	2.331468351712829e-15	9.861222949325565e-12	0
LOC409379	1.91971803453761e-07	0.05799866768313611	2.149181829169677e-07
LOC409382	3.33066907387547e-16	6.716866464917537e-06	0
LOC409390	7.205347429817266e-14	0.009414015321763003	2.364775042451583e-14
LOC409410	5.956689586028574e-10	7.478733596633091e-06	2.080557948147543e-13
LOC409417	5.551115123125783e-16	6.499573101947931e-10	0
LOC409422	7.847056338050606e-13	0.001233631385711309	3.885780586188048e-14
LOC409440	0.001567321841571823	0.0001663556884737849	5.629009222074544e-06
LOC409441	5.168154793011581e-11	0.01889064058179835	2.763200779298813e-11
LOC409442	6.286006160038937e-10	0.006422332441829881	1.217331790925869e-10
LOC409452	7.371880883511039e-14	0.001092576900009079	3.441691376337985e-15
LOC409460	0.0001358899343346653	0.03944397288715895	8.272711000245625e-05
LOC409462	6.997847588063877e-06	0.08403020290127616	9.262840169665942e-06
LOC409467	3.932199010847626e-11	0.1029865187160693	8.80614470233354e-11
LOC409473	8.612000002017339e-12	0.01937814671662208	4.888311977424564e-12
LOC409476	0.001180862310795505	1.668893614081846e-06	5.415297177346901e-08
LOC409483	8.088766821900961e-07	0.0001072629715481721	2.865627624082379e-09
LOC409486	2.897682094271659e-14	9.814241032080062e-07	0
LOC409488	4.289606208018881e-07	0.02530649289666675	2.30937522993635e-07
LOC409493	2.675847321498281e-10	0.0003146658374653111	3.292144334920977e-12
LOC409499	4.084577120977428e-11	0.08059451955674213	7.504885601861133e-11
LOC409500	1.729758242563495e-05	0.2483884816462799	5.021988704334568e-05
LOC409502	9.332245759496871e-07	0.006555459393122076	1.480012544741172e-07
LOC409508	1.403220796225568e-07	0.005302049827911604	1.963585849473759e-08
LOC409511	5.726565238028947e-05	0.00220281910294462	2.811823413551018e-06
LOC409513	1.067581335778556e-06	0.01119231442904511	2.717503119198383e-07
LOC409525	4.933682351548896e-10	0.00015093076171524	3.001376924771648e-12
LOC409527	8.537048845624895e-10	1.374057154501784e-06	5.81756864903582e-14
LOC409529	0.0001816610871211433	0.0001761625868405003	7.983164553859723e-07
LOC409536	6.515382677818593e-10	0.0005297582698051695	1.276567740404744e-11
LOC409564	1.453521059069374e-08	0.01354787625152931	5.042886219719378e-09
LOC409565	6.527001161771295e-13	1.045672953781107e-07	0
LOC409571	2.487232642067738e-12	0.003780574776277357	3.361755318564974e-13
LOC409589	1.267365109525187e-07	7.225270688304697e-05	3.295921313650751e-10
LOC409607	1.662760543474917e-06	0.003906873602689154	1.615799710696919e-07
LOC409609	1.355300316419061e-10	0.0003292426509698965	1.767141988295862e-12
LOC409613	4.248111384885789e-08	0.0004532633737763803	6.424413223626857e-10
LOC409616	0	1.220669673118735e-06	0
LOC409628	3.708144902248023e-13	0.03109389800314855	3.366196210663475e-13
LOC409638	1.110223024625157e-16	9.52587429670082e-05	0
LOC409643	0.0005112182845375957	0.2813735297406691	0.001336944219675562
LOC409645	0.008775390695456742	0.002475263454772114	0.0003310029749473697
LOC409664	1.665334536937735e-15	6.8940331221512e-10	0
LOC409668	2.488220703922295e-07	0.1582736289199352	6.15503360945624e-07
LOC409671	0	0	0
LOC409673	0	0.193587800932272	0
LOC409706	0.00321214070977649	0.05943001441409912	0.002202753779228739
LOC409713	2.997602166487923e-15	3.59813623340699e-10	0
LOC409714	0	0	0
LOC409718	2.114317914525543e-06	5.484995868609843e-08	5.044076267779474e-12
LOC409733	2.40918396343659e-14	1.0305201215699e-06	0
LOC409734	1.110223024625157e-16	1.545108725853339e-06	0
LOC409749	0.03410221515429723	5.311421780174186e-08	3.959287508958909e-08
LOC409752	2.381845997767584e-06	0.01100905622330017	5.791822194067819e-07
LOC409756	3.601091156713032e-06	1.83258619416149e-05	2.252918851475272e-09
LOC409769	1.56823154007224e-06	0.0006577908326168558	2.965405199173432e-08
LOC409777	0	0.00211030140320323	0
LOC409778	0	1.853517339611699e-12	0
LOC409787	0	0	0
LOC409791	9.175216142409681e-12	5.581688869438217e-06	2.664535259100376e-15
LOC409795	2.911527421878279e-05	0.005346635593754145	3.316796668317856e-06
LOC409799	3.535033772028573e-05	2.481940602039323e-06	2.944857913078636e-09
LOC409804	0.0008262763047813815	0.0003074564509789601	5.543765619675511e-06
LOC409829	4.339456349811144e-09	1.41105066064906e-06	2.909894547542535e-13
LOC409835	0	1.388453279160817e-05	0
LOC409845	0.002028378823340393	0.005785792151502211	0.0001897589285672074
LOC409856	3.055855101707916e-05	0.02926812768429587	1.561520409421036e-05
LOC409861	0.0064037203791103	0.4379763125382984	0.01800136865310764
LOC409863	0.0002063318268359371	0.04443518782659761	0.000135540992006411
LOC409887	1.281840661826461e-05	0.000806807602403814	2.682268244180719e-07
LOC409894	0	0	0
LOC409919	1.590949594287849e-13	0.002841465598648285	1.743050148661496e-14
LOC409920	4.257420385844757e-05	0.002792031344703072	2.637110198877579e-06
LOC409921	0	9.585458287997284e-06	0
LOC409924	0.01357080273302314	0.1152205428596536	0.01374437808378282
LOC409928	0	5.896676713579296e-07	0
LOC409931	0	1.1812017214341e-06	0
LOC409933	0	0	0
LOC409934	0.0006202249811377847	0.08618112907403463	0.0006560417314875888
LOC409945	2.427696377260702e-08	0.004418410780748561	3.041784157886696e-09
LOC409950	0	0.0001278236407877831	0
LOC409955	2.68018940374759e-11	8.783203253592831e-08	1.110223024625157e-16
LOC409976	1.241899145187908e-06	0.00180182302209364	6.016377107620485e-08
LOC409979	5.034861416675085e-13	3.067609891660439e-07	0
LOC409985	0	1.448063891018592e-12	0
LOC409990	2.897597360940196e-07	0.001576786103990591	1.308603858607427e-08
LOC409993	0	0.0003066055063341011	0
LOC410013	1.683932993046255e-10	0.03454353291716661	1.477958866402673e-10
LOC410041	9.237066155409757e-06	0.6292677899388096	4.782085041377115e-05
LOC410054	0.0001639478828916463	2.881281046196449e-05	1.307849298859409e-07
LOC410056	5.143544907115771e-05	0.00421878752401994	4.59377264616645e-06
LOC410057	7.520639666580564e-11	7.89724916128165e-07	3.219646771412954e-15
LOC410058	1.525701120996814e-09	4.614559069304747e-07	3.586020369539256e-14
LOC410067	0	1.508239755310115e-09	0
LOC410070	2.078582861386735e-08	9.106848459228267e-05	7.112654909491312e-11
LOC410099	0.008161281657981578	0.001661014318021015	0.0002151230855949038
LOC410101	1.439257309721054e-05	0.4257377720108362	5.974641998907071e-05
LOC410106	4.37212246406915e-08	0.001311333192915543	1.770987800853163e-09
LOC410114	2.353672812205332e-14	0.0002915055395412702	3.33066907387547e-16
LOC410119	4.89898699385094e-09	0.0002362331838562381	4.283007282168683e-11
LOC410120	0.1452481307827124	1	0.3463458877561747
LOC410134	2.803227524550422e-07	1.130502220947349e-06	1.339184318993603e-11
LOC410144	3.245838870458151e-06	0.02874276340544846	1.806343635668561e-06
LOC410159	7.556083951976156e-06	0.007982747258044043	1.314328401114118e-06
LOC410162	1.7779206844315e-05	0.0003312476005877807	1.598229653065886e-07
LOC410183	1.593500368379797e-05	0.001062066262209838	4.25849519869459e-07
LOC410217	2.117857655914435e-08	5.605285428478268e-06	5.10436137801662e-12
LOC410229	0	0	0
LOC410235	0	3.364148317364091e-06	0
LOC410239	0.002198899066354953	0.06523524351778576	0.001682758710171095
LOC410253	2.275762911452262e-10	1.421607132012781e-08	2.220446049250313e-16
LOC410286	1.106892355551281e-13	0.0005048030576919604	2.442490654175344e-15
LOC410289	0	0.1144793123752167	0
LOC410290	0.005518296953083035	0.001766886784084543	0.0001601785368007258
LOC410301	0	5.22651988354994e-09	0
LOC410315	0.001947765127738643	0.1502297586586913	0.002926292531682306
LOC410332	1.17350573702879e-13	0.8469905291346612	1.089461854064666e-12
LOC410336	0	3.843851659190989e-08	0
LOC410337	1.332267629550188e-15	0.01088092077899616	5.551115123125783e-16
LOC410340	5.752620054755297e-07	0.01888305349681318	2.375545762323128e-07
LOC410344	5.525907912351524e-05	0.0432402396540944	3.821518776248034e-05
LOC410345	7.657141587458227e-11	7.339939767092574e-11	0
LOC410347	2.675637489346627e-14	0.0008951279843146809	9.992007221626409e-16
LOC410350	0.0001395177437368833	0.6434860357300183	0.0006352900546198192
LOC410352	1.316356014968711e-06	1.973206473770972e-07	1.104349944824889e-11
LOC410353	1.453741633739014e-07	0.0002961745698121243	1.420576989374922e-09
LOC410354	2.092062188707722e-06	4.319131328145431e-07	3.673095161360607e-11
LOC410355	0.008750445563574627	0.002442973377584257	0.0003262187463111133
LOC410363	0	4.449773882697627e-13	0
LOC410371	0	2.092880313497858e-10	0
LOC410379	0	0.0004938879661268158	0
LOC410398	1.993762932528398e-09	0.9589239157802943	1.536438254401418e-08
LOC410408	0	1.333301289374589e-07	0
LOC410429	0.0006368087436920966	0.5842613539652954	0.002523050430531693
LOC410432	9.885790548391782e-06	1.592147336193506e-08	6.656564188745051e-12
LOC410442	1.383895953388503e-07	0.001499680228590816	6.117483519751943e-09
LOC410449	0.0003822605612486818	0.07070470634261139	0.000355574142328563
LOC410456	0	2.526974773875423e-08	0
LOC410464	2.997602166487923e-15	0.3037679783348186	1.787459069646502e-14
LOC410467	0	0.003339740228603727	0
LOC410468	1.737610055840833e-12	6.219831050979785e-06	5.551115123125783e-16
LOC410470	8.003886442509156e-10	0.003477906077401949	8.844514010064586e-11
LOC410480	1.743050148661496e-14	3.606923228316461e-06	0
LOC410482	3.375300039465401e-12	0.0002465903030803851	3.630429290524262e-14
LOC410485	0.09116433137599345	0.930302783692989	0.2391483424915425
LOC410489	6.106226635438361e-15	7.059884989946141e-07	0
LOC410493	6.511696427624614e-07	0.002755554618323552	4.768887484907225e-08
LOC410497	3.44309890043526e-07	0.0002948300024498973	3.254149061326927e-09
LOC410507	0.0001615331481706894	0.252040643846535	0.00042121709224896
LOC410527	0	0.01798038430846149	0
LOC410541	1.110223024625157e-16	4.884570581342729e-08	0
LOC410546	0.001161140880221123	0.02197596040572825	0.0003709540203822304
LOC410549	7.579768068755044e-08	2.02408020122391e-06	6.617373315975783e-12
LOC410550	1.110223024625157e-15	3.276977158317429e-05	0
LOC410565	1.322234877143558e-09	5.359551691341835e-10	0
LOC410567	1.241118319228462e-12	1.819546737724664e-07	0
LOC410571	0	0.002694963682538964	0
LOC410575	5.183795888397125e-05	0.01623696121993312	1.544299095135315e-05
LOC410600	0	2.189332702906555e-07	0
LOC410609	0	8.590704689281914e-06	0
LOC410622	0	7.375712041124416e-08	0
LOC410643	3.885780586188048e-15	9.294316849484119e-08	0
LOC410648	0	6.249883208742091e-07	0
LOC410649	0	0	0
LOC410658	0	0	0
LOC410694	0.1124619881053206	0.9585182491807005	0.2833727175457106
LOC410706	0	9.062750550015153e-13	0
LOC410717	0	1.39397769993721e-08	0
LOC410723	0	2.658988518255967e-08	0
LOC410730	2.469136006766348e-13	0.1253098346568928	7.122080702970379e-13
LOC410732	1.764144386129374e-13	0.004212822520460735	2.76445533131664e-14
LOC410755	3.586571867275623e-07	0.1510063535147227	8.453806839003875e-07
LOC410766	3.282867200304906e-09	5.109265767422322e-05	6.84319267918454e-12
LOC410776	4.207745263329343e-14	2.127207670565845e-06	0
LOC410777	0	1.362300272589323e-10	0
LOC410784	2.057378821751499e-07	1	1.385870668890732e-06
LOC410788	0	0.1183455333959169	0
LOC410802	1.140428928958492e-06	0.0007240936726218283	2.386676323240522e-08
LOC410812	0.03841591996930038	0.01709497016430772	0.006829155570481693
LOC410821	1.500799484688287e-12	0.004200665497518186	2.253752739989068e-13
LOC410825	1.580957587066223e-13	0.1852839557151746	6.188383139260623e-13
LOC410838	1.505903074461301e-05	0.0003537759259971685	1.450899832500241e-07
LOC410851	1.301050509217028e-05	0.02969612789567522	7.012009101248218e-06
LOC410855	4.895570349106038e-08	0.2459796014744462	1.761642467457136e-07
LOC410860	1.198341426089655e-11	4.539501922140587e-07	3.33066907387547e-16
LOC410864	2.725010217474733e-10	0.06260849616548081	3.900905154452516e-10
LOC410865	0	5.725420137991932e-13	0
LOC410872	1.183171116636572e-09	0.0008921677283630913	3.708044982175807e-11
LOC410876	1.806430085293798e-05	8.936667409953358e-05	4.733007297197389e-08
LOC410886	4.440892098500626e-14	1.25516438309603e-06	0
LOC410894	0	0.001728651034472617	0
LOC410896	5.942307648054701e-06	0.005246566290899812	7.160179703591396e-07
LOC410905	0.000420659094568232	0.0002952871778694188	2.847448929199636e-06
LOC410920	3.75754970974862e-05	0.003086229213062341	2.566591961072895e-06
LOC410922	1.019084080433608e-05	0.01142795358390236	2.408712442170113e-06
LOC410925	0	8.639755577632968e-13	0
LOC410948	1.110223024625157e-16	2.324318569946193e-06	0
LOC410952	7.567021453880329e-10	0.7131814158202605	5.592151519628885e-09
LOC410953	1.184263626419213e-05	1.877001821037894e-05	7.198933893448611e-09
LOC410960	0	3.747735455306156e-11	0
LOC410986	9.471030470997732e-08	0.0001568842255796898	5.167474226297486e-10
LOC410989	2.417399613818816e-12	4.423931676544868e-08	0
LOC410997	0	2.733133830368217e-09	0
LOC411003	6.425011723765195e-07	0.1095163747450582	1.155759048909744e-06
LOC411009	5.492939436635424e-12	1.882996869539966e-08	0
LOC411011	1.874056465567264e-13	1.035477755373382e-05	1.110223024625157e-16
LOC411044	0.0002509628791225182	0.001021996958845417	5.581177509594859e-06
LOC411047	1.179780606541669e-09	0.002295231460455849	8.834477593921974e-11
LOC411048	4.242243223373521e-10	1.090831346473031e-05	2.142730437526552e-13
LOC411053	0	7.458430818285677e-06	0
LOC411054	0	6.178058065131609e-12	0
LOC411059	0.01452297179791473	0.09454580706505944	0.01247128006314735
LOC411062	0.004027165597281446	0.0003176424467842276	2.448487610184902e-05
LOC411076	2.220446049250313e-16	0.002742467494805889	0
LOC411083	0	4.89608353859694e-14	0
LOC411088	9.594321965789021e-07	0.04319283417188902	7.926773301081269e-07
LOC411099	9.673878550331416e-06	0.001985290299293174	4.707571734652305e-07
LOC411104	8.003597784522753e-13	3.915934243536867e-11	0
LOC411105	1.01422088254477e-05	0.9891615970986423	5.874431166696947e-05
LOC411115	4.198863479132342e-13	3.692370853514149e-10	0
LOC411121	2.357003481279207e-13	0.1143972784074742	6.336042801535768e-13
LOC411144	0.01455288312572933	0.01222597672296699	0.002190110990187621
LOC411145	2.126212088615631e-07	0.2747148799881356	7.87863896678509e-07
LOC411154	2.197342144905079e-07	0.06702316332027558	2.760051298622557e-07
LOC411176	2.932654119547351e-12	0.005666835448127405	5.699885008425554e-13
LOC411181	0.0001265121635798394	1.689332771537266e-05	6.163808863313136e-08
LOC411186	2.592892567321314e-11	0.05803391770962885	3.67255115207854e-11
LOC411195	0.0007207251991546704	0.0004241314366846272	6.596999409969051e-06
LOC411199	2.859434908852876e-07	0.0001005374145676141	9.888410090752586e-10
LOC411204	6.84902632808182e-06	0.0001977893372233641	3.963877304169472e-08
LOC411206	3.666738862539987e-07	0.002804531309958058	2.78523814012388e-08
LOC411213	0	0.0001527798728144791	0
LOC411214	0.00115211909045676	1	0.005088225751882725
LOC411227	0	1.754152378907747e-14	0
LOC411245	8.163930177285117e-05	0.02876060926699875	3.904032797408252e-05
LOC411288	3.453836883160477e-09	0.001492564987588874	1.694170359556324e-10
LOC411345	5.038025552295267e-11	0.02497151148620502	3.436040341142643e-11
LOC411347	1.588440490252196e-11	0.002695772399117113	1.520006343014302e-12
LOC411348	1.110223024625157e-16	0.0001951814148202224	0
LOC411361	0	0	0
LOC411371	1.887046630066891e-08	0.01526764296529393	7.22021031851483e-09
LOC411450	0	8.037606085919968e-06	0
LOC411458	3.33066907387547e-16	1.3381275043578e-07	0
LOC411459	0.002803671365113503	0.000104828922068867	6.209979749316474e-06
LOC411469	7.247931699261301e-09	9.577324489029593e-10	4.440892098500626e-16
LOC411474	0	9.547918011776346e-15	0
LOC411476	1.789317531919465e-06	0.0001109906126686155	6.352494197336966e-09
LOC411477	9.735516960374113e-07	5.647716775025735e-05	1.867814902745124e-09
LOC411494	0	8.104628079763643e-15	0
LOC411495	2.307625998509977e-06	0.00424299757911295	2.385930703008299e-07
LOC411510	3.586020369539256e-14	0.0002958286568840451	4.440892098500626e-16
LOC411526	2.327474154406595e-06	0.001005506330784556	6.424306353558507e-08
LOC411539	3.52662343772181e-12	0.0003725380053036798	5.573319583618286e-14
LOC411546	0.002853127882948336	0.03152921766202788	0.001157489329015604
LOC411564	0	0.1882209009654234	0
LOC411575	9.658940314238862e-15	0.0001116552679327754	0
LOC411582	0.001923796559222701	0.0001116598313115613	4.668330223278616e-06
LOC411586	0	1.78868031497359e-12	0
LOC411589	1.604272270583351e-13	1.10945509862459e-05	1.110223024625157e-16
LOC411599	4.127426656008737e-08	0.0003063778235079528	4.332025849151933e-10
LOC411600	1.110223024625157e-16	1.043609643147647e-14	0
LOC411618	3.727679035836484e-05	0.2919609505120589	0.0001164674583241654
LOC411619	8.778701099387831e-08	0.0006330190224126397	1.771864210908802e-09
LOC411638	1.651426091209274e-06	0.4525648004953067	7.782361497010726e-06
LOC411639	1.110223024625157e-16	4.335536754884739e-05	0
LOC411640	6.629418214387783e-08	0.001502872073551043	3.006170756769677e-09
LOC411665	1.141057248688071e-10	0.0124950030903479	4.166522682425011e-11
LOC411670	0	1.65243374539159e-11	0
LOC411685	6.173152167221474e-08	0.1224283698747807	1.311235822143431e-07
LOC411693	4.193312364009216e-13	2.698202396966831e-05	5.551115123125783e-16
LOC411697	1.826486613065725e-07	0.04066165525545751	1.520117982600766e-07
LOC411707	2.310682756245797e-10	0.0009551599753679918	8.024358955083244e-12
LOC411723	6.851874623237109e-11	4.167323042203464e-09	0
LOC411724	1.156969420268439e-08	0.3722128352195037	5.718030748891323e-08
LOC411730	0.0003407482013524366	0.7751841761253859	0.001569866066478909
LOC411731	0.001438664707713588	0.5143695409790781	0.005039918526337228
LOC411744	0	2.782655815325441e-06	0
LOC411746	0	5.687407043675208e-05	0
LOC411758	1.196466503428084e-06	0.03213199069548989	7.621169864080457e-07
LOC411772	6.197264923457624e-13	0.002234089218940416	5.3179682879545e-14
LOC411781	3.870681553053146e-12	0.05141680134001791	5.151212789655801e-12
LOC411794	1.459555032390369e-09	4.871025471864243e-09	4.440892098500626e-16
LOC411797	0.003095746725178317	0.02189340886545388	0.00090987918388441
LOC411805	2.644551244657123e-13	2.383300192909665e-05	3.33066907387547e-16
LOC411806	9.501424091951094e-10	6.651183973582775e-07	3.208544541166702e-14
LOC411808	1.699751450701115e-13	4.923387175725935e-08	0
LOC411809	7.102138389614154e-07	0.01101969624926935	1.810167060689594e-07
LOC411813	3.108624468950438e-14	0.01281555470968032	1.365574320288943e-14
LOC411833	0.00287216775116228	0.005207686039143455	0.0002372474996736873
LOC411836	1.541637006086116e-05	0.00339895847782723	1.200692466674091e-06
LOC411837	4.996003610813204e-15	8.661192040237964e-07	0
LOC411850	2.777297225886599e-05	0.002898987170843248	1.819002687697413e-06
LOC411858	0.002562863874990717	0.1702839920768451	0.004136926654523587
LOC411864	1.443289932012704e-15	4.034065528291109e-07	0
LOC411881	5.178127482352579e-09	0.005236336993695856	7.902845045038021e-10
LOC411882	0.001964075371156504	0.0422407723456466	0.001055046469801924
LOC411886	0.006851056678112477	0.001953242986943438	0.000213411832828414
LOC411892	1.102532485108831e-05	0.003731476270960044	9.493036311480907e-07
LOC411917	0	2.220446049250313e-16	0
LOC411919	3.829199140847894e-05	6.689456365505109e-07	9.002011358560935e-10
LOC411920	5.530020885657905e-13	0	0
LOC411930	0	9.214851104388799e-14	0
LOC411942	2.471483351307313e-09	0.03426928173171562	2.01779104536115e-09
LOC411947	3.367525857056464e-07	0.0003827381433221255	4.066034064997837e-09
LOC411955	6.275356507878804e-06	0.06705262169840076	6.941239302560298e-06
LOC411960	3.136069511078254e-06	0.008900578418834515	6.240338495944187e-07
LOC411970	0	4.495167836626734e-06	0
LOC411978	0	0.08301503601669924	0
LOC411981	7.184276229477149e-08	6.557728965717047e-05	1.735813714986989e-10
LOC411982	8.737455203799982e-13	8.622313973916107e-11	0
LOC411985	7.234914162446149e-05	0.0006309135502076124	1.10524902796616e-06
LOC411995	8.536409468185013e-09	0.005014334810538257	1.23575083499361e-09
LOC411997	3.665111547590527e-10	0.0383735292328391	3.455158381626688e-10
LOC411998	1.812826189162564e-08	6.800217142721721e-06	5.280553772024632e-12
LOC412000	1.979616470748624e-11	1.529536695632494e-05	1.476596622751458e-14
LOC412002	0	0.03329260032864789	0
LOC412007	2.706859181245136e-09	0.0008016584695972329	7.520895017876228e-11
LOC412008	9.879912717503103e-06	0.04262141090716565	7.338122865574448e-06
LOC412018	1.654546499807452e-10	0.0001901752009643154	1.283417816466681e-12
LOC412020	2.373884422368633e-10	0.2425953100270738	9.749419049853714e-10
LOC412025	5.580536033278349e-12	0.06525864587054908	8.98892071887758e-12
LOC412034	8.37540955759275e-05	0.003095314438344765	5.498639189305266e-06
LOC412053	0.01400141995053494	0.0001107244362361648	2.777991393421164e-05
LOC412069	2.220446049250313e-15	4.619651718218432e-05	0
LOC412081	3.333689635454107e-08	0.01879476019078663	1.505279001445814e-08
LOC412084	7.918110611626616e-13	0.01750571574245785	4.305444889496357e-13
LOC412093	2.220446049250313e-15	0.002626303477009095	2.220446049250313e-16
LOC412099	1.07073239163924e-11	0.07429952859336308	1.893551981879682e-11
LOC412103	1.432187701766452e-14	0.001806138928258982	1.110223024625157e-15
LOC412104	3.533023518187406e-08	0.001994712318674874	2.119014630430627e-09
LOC412108	2.621236561139995e-13	4.11545720835349e-08	0
LOC412114	3.143574156538875e-08	5.675205132504857e-07	8.293365993949919e-13
LOC412119	0.07230210218354238	0.07707122811682576	0.04167779392439719
LOC412125	1	1	1
LOC412129	1.162403506782539e-13	6.554468490183041e-08	0
LOC412150	3.064044173506364e-05	0.2102668461630238	7.685193459261441e-05
LOC412157	0	2.088107464714994e-12	0
LOC412159	0.001223862588478286	0.3319099276777288	0.003353670345641269
LOC412167	0	0.001106268527414356	0
LOC412224	3.14211812124654e-09	8.518485309694235e-05	1.063726884353855e-11
LOC412232	0.0001178770896291814	0.03442148372133469	6.442579879484267e-05
LOC412236	8.685276962561161e-05	0.0151133859199265	2.362809499978358e-05
LOC412245	1.797484383558867e-11	0.7330457140905371	1.459038445617011e-10
LOC412249	0.0001893390150417007	0.009864491546864751	3.374699369829148e-05
LOC412263	1.111222225347319e-12	1.00687817237155e-05	5.551115123125783e-16
LOC412278	1.776074176618181e-09	9.517808763348512e-11	0
LOC412287	6.98929802922521e-12	3.916015293981001e-05	1.298960938811433e-14
LOC412296	1.007374184069931e-10	6.669613750176495e-10	0
LOC412305	2.883031724465468e-08	0.4354039870051114	1.524348177683876e-07
LOC412319	0.002742626500896628	0.07477315741621737	0.002303974143981424
LOC412348	5.256827195765368e-10	0.0003956527488584438	7.885025965492787e-12
LOC412355	4.030109579389318e-14	7.715000932551064e-07	0
LOC412362	6.304562427672522e-10	0.07490406828666152	1.025097340345837e-09
LOC412398	9.181329245766534e-07	0.00276950475108162	6.670395857888423e-08
LOC412401	0	6.661338147750939e-16	0
LOC412422	0	0	0
LOC412435	4.625753358500351e-05	9.310427171449476e-07	1.480832345635008e-09
LOC412464	1.298087448642349e-08	0.0004876066763631615	2.176061553171849e-10
LOC412470	3.979483409466411e-12	3.915359332307133e-07	1.110223024625157e-16
LOC412487	9.010542867393667e-09	0.0007761678522402171	2.351981942538828e-10
LOC412488	0.001448073146183892	0.03900909985883771	0.0007450876194774469
LOC412491	9.809897338897144e-11	1.507722766636022e-07	8.881784197001252e-16
LOC412505	3.968348366134578e-06	0.1615869295152391	8.987339273791584e-06
LOC412508	4.135736197952156e-11	6.482551823316918e-05	1.199040866595169e-13
LOC412510	5.029852179205818e-08	0.2957782688427479	2.052188154966217e-07
LOC412511	1.522855763713693e-08	0.0006221172663171126	3.188614927651656e-10
LOC412552	1.110223024625157e-16	3.805913090715318e-05	0
LOC412591	8.944792185672235e-05	1.144004154673972e-05	3.064158271559592e-08
LOC412598	1.299792495856877e-10	7.117851717364232e-06	4.485301019485632e-14
LOC412616	6.59329786512064e-06	0.003195500910969651	5.043249216019063e-07
LOC412642	3.688768609455551e-07	0.0001137448752565051	1.420634387905295e-09
LOC412661	0.001914107637317031	0.01232615362112377	0.0003538148103813255
LOC412665	1	0.693763121667212	0.9272430407859534
LOC412687	0.02386318726182135	3.345130654897055e-05	1.426473728938227e-05
LOC412690	3.67557183333922e-06	0.4525804369738832	1.677544423150934e-05
LOC412694	3.319920560684864e-09	0.002267539842111366	2.393928388855215e-10
LOC412701	4.947409149025361e-11	0.8441941436188188	4.086120330981657e-10
LOC412714	8.548717289613705e-15	1.910038793795366e-11	0
LOC412721	8.483307933904172e-08	0.1580027987723731	2.171120622174172e-07
LOC412739	3.33066907387547e-15	0.005688311048124062	7.771561172376096e-16
LOC412748	6.878608793670082e-12	0.0005572360177281688	1.562083795647595e-13
LOC412764	3.533007664202614e-09	0.001297113849944243	1.521699433126855e-10
LOC412775	0	0.0002242493090609532	0
LOC412787	0.0004650498081028021	0.02909597844964007	0.0002021742251153702
LOC412795	1.052566500625574e-08	0.004484572983756041	1.369216739988133e-09
LOC412799	1.903868485086946e-08	4.055719212581188e-06	3.376188217885101e-12
LOC412804	0.01797741185258583	0.006690792140911395	0.001539569685513387
LOC412806	5.43334661928796e-07	0.2851476362334896	1.998811687831115e-06
LOC412815	0	2.263672359692492e-05	0
LOC412817	4.993419011611877e-10	0.0490241755786156	5.746967346453857e-10
LOC412825	0	9.419741696792272e-05	0
LOC412834	1.388378172151317e-05	0.004795053048656017	1.485001815515474e-06
LOC412842	2.220446049250313e-16	3.219646771412954e-13	0
LOC412850	1.685575024001906e-08	0.0008215654803241934	4.556497401608794e-10
LOC412855	0	1.407464100822153e-08	0
LOC412858	5.788702850395566e-13	0.0001811437115497583	4.773959005888173e-15
LOC412859	0	0.0005579537816647884	0
LOC412862	1.768782983169181e-05	0.1949580751113626	4.311917888655259e-05
LOC412897	0	4.96178777897871e-06	0
LOC412919	1.867708698810588e-08	0.05197069866827408	2.051559566673689e-08
LOC412929	3.108624468950438e-15	0.0002263326330764759	0
LOC412956	0.1897306441408387	0.3247848369011456	0.2606324264683617
LOC412965	1.058042542467774e-13	2.374328623711008e-07	0
LOC412976	1.776627305272171e-07	0.00541320155355729	2.513485608535149e-08
LOC413001	2.511324481702104e-13	7.236869947746527e-07	0
LOC413005	0	2.34258723530445e-09	0
LOC413018	0	2.739322474409889e-07	0
LOC413024	0	4.854816548771623e-11	0
LOC413030	0.006680541146896535	0.001026727089207258	0.0001153171048624557
LOC413032	2.876932303497171e-08	1.170824111329516e-06	1.528555060303916e-12
LOC413046	0.001878403830028241	0.02299984971752644	0.0006011787435048488
LOC413086	1.253108727894414e-12	3.289345474111194e-06	2.220446049250313e-16
LOC413089	9.977429993313081e-11	1.790753092445474e-05	8.359979375427429e-14
LOC413106	2.746747274073869e-11	0.03358995549469967	2.449618285993438e-11
LOC413110	0.004780579911241367	1.335080701547753e-08	1.827875295568049e-09
LOC413113	1.449951270160454e-13	1.089309753510292e-10	0
LOC413119	4.859668223389235e-12	0.01628748274548764	2.396083331746013e-12
LOC413120	1.255651138620806e-11	0.002495846113487077	1.125211035457596e-12
LOC413126	0.0002990147439739799	0.0003013332255590306	2.108946023482439e-06
LOC413132	2.339189847844203e-05	0.04201193073164178	1.648787758645742e-05
LOC413133	8.134894979860974e-10	1.647119043712841e-06	6.605826996519681e-14
LOC413134	4.82923701028426e-11	0.03083051142023685	3.953704030834615e-11
LOC413153	9.369804931935732e-11	0.0008983860757135753	3.138045379103005e-12
LOC413170	0	3.702784113435165e-06	0
LOC413181	0.0001653345107414106	1.007465834201859e-06	5.322077556435545e-09
LOC413183	7.519240785569536e-11	2.413788698141239e-06	9.325873406851315e-15
LOC413189	0.01783802513544075	0.03641111274025943	0.00677262467542783
LOC413194	2.535132104242166e-09	0.2706555314172432	1.059801479907918e-08
LOC413197	0.0001184784754738599	0.03536881343250842	6.625394110448823e-05
LOC413200	8.037489445111845e-07	0.01257887759563525	2.293264159680675e-07
LOC413207	8.13372169616855e-09	0.0007564340143124682	2.078851535358694e-10
LOC413208	6.769173013232432e-07	8.470875670796296e-06	2.163463852511427e-10
LOC413228	1.437518187819009e-06	0.02327830213556747	6.885261968347933e-07
LOC413242	7.771561172376096e-16	0.007434677499235653	2.220446049250313e-16
LOC413246	8.797304218433055e-09	2.529680243057442e-09	1.221245327087672e-15
LOC413248	8.671952045347098e-13	2.050411468612623e-06	1.110223024625157e-16
LOC413266	2.367398499458773e-10	2.832972220812024e-06	3.33066907387547e-14
LOC413270	0	0	0
LOC413280	3.586020369539256e-14	0.0001058589291864642	2.220446049250313e-16
LOC413299	7.016198364517834e-07	0.001405343000456138	2.762007622614249e-08
LOC413310	0	6.992508350123217e-09	0
LOC413314	0.0002719992676132321	0.001102131366089609	6.454039228498409e-06
LOC413318	2.304125475527385e-06	2.838129960380797e-06	2.466453707938854e-10
LOC413319	5.288977034112463e-10	0.02480739000177457	3.398764603090854e-10
LOC413341	9.354517160886644e-11	1.413062817212651e-05	6.261657858885883e-14
LOC413357	2.35373792446536e-05	0.0003009165279307391	1.908145029760888e-07
LOC413383	0	4.848920129862933e-07	0
LOC413389	0.1069401950226598	0.00144756888887998	0.001709546312967603
LOC413407	1.630259880902596e-05	0.0002403167462896594	1.089349209726365e-07
LOC413408	2.786881836414068e-11	0.4667530277171048	1.8229318055063e-10
LOC413410	0	1.240562097493125e-10	0
LOC413411	8.060553891020561e-09	0.009087367575739358	1.994223119972105e-09
LOC413427	0	4.843901946216533e-10	0
LOC413430	5.334640077125918e-06	0.00110498532052028	1.552817219252489e-07
LOC413440	0	2.87259105391513e-12	0
LOC413441	0	6.4520311269467e-05	0
LOC413464	0.0001739472669195496	0.002864883857965461	1.020612510183039e-05
LOC413467	4.126496925271894e-07	7.402364762265634e-06	1.18005161198198e-10
LOC413490	7.216449660063518e-15	0.001240251413309967	4.440892098500626e-16
LOC413498	9.976250936460929e-10	0.2385186691578326	3.911171386761225e-09
LOC413501	1.845726476878973e-05	0.02078559468834862	7.185521929797822e-06
LOC413510	0	1.327181053945026e-08	0
LOC413523	7.443931999995268e-05	0.01083731677602684	1.521600319331906e-05
LOC413524	6.983753938483162e-07	2.966281781136004e-05	7.36245953092407e-10
LOC413534	4.379691387335072e-08	5.455229115325366e-06	1.006450478513443e-11
LOC413547	2.385196470855444e-05	0.005543909862689378	2.83510722554059e-06
LOC413551	7.837812621147577e-10	0.00623340992437138	1.469653287955452e-10
LOC413557	4.976646983401167e-09	0.0132698511629209	1.746497946264469e-09
LOC413575	0	0.009988567128214165	0
LOC413576	0	0.4092056913202409	0
LOC413577	0	3.549491105037106e-06	0
LOC413582	0.0001021403007895882	0.04606792108851321	7.206677722315646e-05
LOC413594	0.0004597246913197184	0.006386807680011763	5.248090395448823e-05
LOC413607	5.775185296652552e-08	2.427575681740457e-05	5.471179065352771e-11
LOC413631	0	0.160192179362843	0
LOC413653	1.320281328709427e-09	0.02419239857122557	8.116470828767319e-10
LOC413666	0	0.002994362681234541	0
LOC413668	1.040946032271339e-05	0.007037701564258758	1.59434812696535e-06
LOC413670	6.328271240363392e-15	7.910842725711298e-05	0
LOC413676	7.651773145322949e-06	2.829585006824953e-05	7.009619107378739e-09
LOC413711	2.092295887434759e-05	0.007329173726481897	3.217435266988922e-06
LOC413732	1.822402451168159e-08	0.01946980296062761	8.639001292110038e-09
LOC413735	0.001071759966514096	0.08214494588798593	0.001048260999592543
LOC413759	0	4.368697775758434e-07	0
LOC413766	2.562976272324491e-07	0.0008470243376725861	6.545191721940569e-09
LOC413782	2.131628207280301e-14	0.003736707678503981	3.108624468950438e-15
LOC413785	2.274854119321823e-05	0.01060808970392924	4.847869966018159e-06
LOC413796	3.33475647096293e-09	0.0089727557819822	8.354499314577879e-10
LOC413805	1.841650720812993e-09	0.0002820506637148945	1.950795081029355e-11
LOC413810	1.432023722924836e-05	0.433729606657422	6.010586860916156e-05
LOC413814	3.696118966445283e-10	4.293543877320616e-06	7.671641100159832e-14
LOC413821	0.0587786368633908	0.001230320030803256	0.0009047230065885037
LOC413827	2.322082726102792e-08	0.001918628465707672	1.360751289425366e-09
LOC413854	2.744714566738082e-09	0.006346824964289399	5.067110064871372e-10
LOC413873	1.110223024625157e-16	1.994392900828146e-07	0
LOC413906	2.252250621559426e-07	6.593432167667501e-05	5.270056613326801e-10
LOC413907	7.460033690787071e-08	0.003670458786597997	7.63335761266859e-09
LOC413917	0.0001041257960666675	2.654370551025131e-06	8.735028589335059e-09
LOC413919	3.172335727441578e-10	1.087009704470177e-09	0
LOC413931	1.512570069195363e-10	7.918314959098893e-05	5.146993942162226e-13
LOC413936	0	0	0
LOC413942	4.0367921450013e-08	0.1121218570729043	8.107621740638393e-08
LOC413977	3.980840324047108e-09	1.352519931152596e-05	2.332689597039916e-12
LOC413995	0	0.0005158407071091942	0
LOC413998	2.220446049250313e-16	2.165939140341688e-05	0
LOC414004	2.780261576518228e-10	4.606665271467136e-09	1.110223024625157e-16
LOC414009	3.816083519292413e-05	9.623078076281821e-05	1.033653663773393e-07
LOC414017	1.176658379842266e-06	0.00342283366869478	1.027384078922111e-07
LOC414021	6.081273937752485e-07	8.085977446503634e-06	1.866343746215193e-10
LOC414022	1.021405182655144e-13	0.002911198831598849	1.154631945610163e-14
LOC414032	0	1.788057438778523e-07	0
LOC414035	1.504564495213856e-08	0.0003776041937549879	1.978248675982286e-10
LOC550651	1.303920638129341e-07	0.0004345595331752827	1.830092410948225e-09
LOC550663	5.456746166032644e-13	0.008621902415450577	1.59539048638635e-13
LOC550685	1.403333005356444e-11	2.01306352503039e-05	1.365574320288943e-14
LOC550695	2.063329873625008e-08	0.007453526746720951	4.162469702251315e-09
LOC550716	0.003441693919833733	0.000368023438899634	2.436078669354469e-05
LOC550791	3.322570840680328e-08	0.0002671555650053392	3.087379241151211e-10
LOC550794	3.042011087472929e-14	0	0
LOC550801	3.799260905879009e-11	0.01854984552010974	2.012545685659006e-11
LOC550828	1.675797278721802e-10	8.451750301619043e-06	6.772360450213455e-14
LOC550829	0	0	0
LOC550857	1.87775409621338e-06	0.000497269036118575	2.717270286556328e-08
LOC550865	1.18867138354517e-11	7.397975411271851e-06	4.440892098500626e-15
LOC550941	0	0.04001473899033392	0
LOC550955	3.738145348819444e-10	0.0004787288161494097	6.753930748004677e-12
LOC550964	0	2.861199659420777e-07	0
LOC550978	4.510695705839396e-09	0.4056650494040799	2.410950927789202e-08
LOC550992	0.0002496120200015106	0.2923172924488848	0.0007017105567811432
LOC551005	0	5.026951157560688e-07	0
LOC551012	1.503688284998361e-10	0.001233027569367717	6.678657626935092e-12
LOC551016	3.444666774043981e-11	0.003698860633067569	4.32676117156916e-12
LOC551033	8.892597769261101e-11	0.7763192444758692	7.099425491929878e-10
LOC551036	0.04408865663432915	0.3097569792589212	0.07867439864927173
LOC551041	1.13404059143285e-07	0.02999530682821339	7.393832246460619e-08
LOC551042	1.355582313067316e-12	0.06751074846475025	2.307598556683388e-12
LOC551046	4.797154286473315e-06	0.5264297807214977	2.348973470855942e-05
LOC551055	1.1154569612426e-07	3.926199602444225e-05	1.634340440759274e-10
LOC551073	0	0	0
LOC551080	0	3.890586939281349e-07	0
LOC551086	5.414557691096888e-13	7.991696193698772e-11	0
LOC551087	3.463895836830488e-14	2.690351441925198e-05	0
LOC551111	1.443289932012704e-14	0.0002756056156340003	2.220446049250313e-16
LOC551122	0.000142496729029773	0.003405098800734252	9.902472390743711e-06
LOC551123	0.0002115167564357145	0.4071242385898786	0.000741715918799235
LOC551130	7.882583474838611e-15	1.781646652210256e-06	0
LOC551133	1.642561986425761e-07	0.001025485612690114	5.082915977006053e-09
LOC551137	0	4.423319381885449e-07	0
LOC551150	2.589915762407635e-06	0.02430904867209926	1.258551303395805e-06
LOC551163	0.006026548984791602	0.01945397223632062	0.001501495581566092
LOC551165	7.174023373135441e-06	0.0009371876804530332	1.770217937790974e-07
LOC551167	2.875477633779155e-14	0.0716621503733772	5.506706202140776e-14
LOC551168	6.509180827674044e-08	2.409107305201275e-06	6.749267811301252e-12
LOC551173	3.764054609112222e-07	0.0001893368813474794	2.340589499993939e-09
LOC551177	0.2407465938455655	0.01382248595154467	0.02427166019987537
LOC551193	0.01135558504489054	0.04874281994396801	0.005819759495249821
LOC551205	1.642597169393412e-11	0.006005999300296438	3.249844837682758e-12
LOC551207	5.390166979424293e-09	3.654861369994933e-06	8.962830477798889e-13
LOC551212	0.0009094080775788882	0.02084992261286989	0.0002826253296853709
LOC551213	6.819578235450763e-10	0.0001629664269435782	4.424460797736174e-12
LOC551225	3.792853676021224e-06	1.354384111529328e-07	2.120348341350109e-11
LOC551227	0	0.004272031875002469	0
LOC551231	0.000108656173380739	0.02351824431967653	4.297415335907662e-05
LOC551269	0.01839761468601342	0.09239105579774987	0.01507000642588363
LOC551272	0	0.0009705548961050914	0
LOC551283	0.0001013196245233106	0.0002772007079284711	7.04890817382342e-07
LOC551284	1.110223024625157e-15	2.594589454396612e-08	0
LOC551308	0	7.124609679998173e-09	0
LOC551331	8.905234289791064e-05	0.007390015925466953	1.280513979029507e-05
LOC551337	8.994309470711226e-05	0.003382360935343276	6.37679566628524e-06
LOC551361	2.978661761687817e-11	8.390944186675853e-05	1.110223024625157e-13
LOC551375	0	0.001896637163146697	0
LOC551383	8.81657868934127e-09	0.0007147607073914042	2.133059284759042e-10
LOC551396	0.03676752384160031	0.002462203937893981	0.001153668202420244
LOC551403	1.153967657985255e-06	0.3431269196312946	4.664175379254232e-06
LOC551414	6.606905745942804e-06	0.02194457664249694	2.825035641862428e-06
LOC551424	0.1494273030085181	0.0009731037321514258	0.001536771767445821
LOC551425	3.042525404794993e-05	1	0.000167347059410794
LOC551432	2.92997603956735e-09	7.091044768492427e-05	8.355316438724003e-12
LOC551433	9.068523709743204e-12	2.139277471058243e-06	9.992007221626409e-16
LOC551435	4.251475240635294e-06	0.007410209576659943	7.090321719749326e-07
LOC551449	0.0002028034823690072	0.04405189935446618	0.0001323910910971948
LOC551454	0	4.028211098017209e-11	0
LOC551461	1.110223024625157e-16	6.864621309410346e-05	0
LOC551462	2.328946109853014e-06	4.131143828911554e-06	3.57176066501097e-10
LOC551477	0.01730195004933033	0.994635773951122	0.05884995544234028
LOC551494	0	5.787757794617487e-05	0
LOC551497	3.619388645459409e-07	0.182809599829074	9.846524593459804e-07
LOC551498	8.930478911928219e-09	8.686327357398937e-06	3.35409477969506e-12
LOC551500	1.170839972752802e-07	1.387542858044544e-05	6.366140947733356e-11
LOC551502	3.33066907387547e-16	3.88391110208719e-05	0
LOC551506	0	4.521914398480931e-09	0
LOC551510	0	1.537448057753465e-09	0
LOC551517	1.77610519291882e-07	0.00417644667581385	1.987010389559174e-08
LOC551536	7.098629753565788e-06	0.2422081090530998	2.108214228890848e-05
LOC551545	3.082289179445752e-08	0.000433347033925835	4.513306395281802e-10
LOC551549	0.0001267564568038226	0.1381185104692565	0.0002151653001192244
LOC551551	9.781669277353355e-05	0.002217993468577872	4.694681441375081e-06
LOC551554	3.166882200922316e-09	0.01245442813346864	1.063479970753178e-09
LOC551566	1.042055330913172e-12	0.003495349407842574	1.333377852574813e-13
LOC551576	6.497558047158236e-11	0.001283882209130227	3.052336161601943e-12
LOC551578	1.38442583841325e-07	3.671927206738701e-09	2.631228568361621e-14
LOC551580	0.0003376960230774273	0.002482907288786973	1.668546593902587e-05
LOC551587	1.416089467909387e-11	3.19781046198564e-07	2.220446049250313e-16
LOC551596	0.0002527817889573791	0.01806413035180643	7.555457626939877e-05
LOC551603	0.0002098357623889768	0.0001743259107011008	9.051792757563959e-07
LOC551604	2.822512069622363e-06	0.2372038518281886	8.586162776658135e-06
LOC551605	0.001720345463286921	0.0003628241272185528	1.274443463361585e-05
LOC551608	0.001794504610537095	0.1711381210575085	0.002994978717980157
LOC551613	0	0.0007032597962451925	0
LOC551636	3.429192909110146e-05	0.1803389769247001	7.641848614148294e-05
LOC551659	7.96981458606183e-08	0.001528200427079907	3.64887886572518e-09
LOC551666	3.299021475888786e-06	3.570306776645715e-05	3.906139411924414e-09
LOC551668	3.177845369073395e-07	8.133642762642168e-07	1.100997071290521e-11
LOC551673	2.273007165820573e-07	2.709038380288575e-07	2.758682171588589e-12
LOC551677	3.33066907387547e-16	1.130896043477492e-09	0
LOC551680	4.556057181426265e-05	1.223329000810125e-05	1.724966403049422e-08
LOC551682	0.4615232182399934	0.005216587288442653	0.01541383574130673
LOC551683	4.867705411193413e-06	1	2.912608369698422e-05
LOC551690	0.001051583109252907	6.480429934596632e-05	1.599791646267334e-06
LOC551694	0.005871795254481449	0.0008150130817722312	8.289133975958318e-05
LOC551724	5.219713550275173e-12	5.341463678032454e-07	1.110223024625157e-16
LOC551730	0.0001996562337245322	0.0009024610427843527	4.012858354052184e-06
LOC551738	1.935078866965867e-05	0.004184453109338571	1.801184053129568e-06
LOC551745	0.001078066709742753	0.01783469522201286	0.0002886255061178566
LOC551754	3.271984512143167e-05	2.632560835991171e-12	4.218847493575595e-15
LOC551756	0.001862238840285579	0.02980731183529739	0.0007462237222708445
LOC551772	5.773159728050814e-15	2.509448204790488e-11	0
LOC551774	1	1	1
LOC551775	9.876962359101071e-09	0.0003766177360019496	1.311020181304912e-10
LOC551779	0.4309127177180252	1	1
LOC551780	1.347339806390124e-08	0.9858197217326946	9.871045469900253e-08
LOC551782	1.2325673814928e-10	0.0005532688349395576	2.614797267597169e-12
LOC551787	6.979562218234481e-05	0.07965533722603424	7.915120231682948e-05
LOC551840	0.0001357504096292095	9.45312405005172e-05	3.375468496935596e-07
LOC551847	6.769099508696641e-07	0.7501202619338773	4.157486061195925e-06
LOC551856	0.0002591134895918445	0.3268235149311581	0.0007823422407366998
LOC551871	0	0.003522494191341541	0
LOC551892	0.0006435770053412337	0.0008374631119304476	1.118530114785354e-05
LOC551895	2.220446049250313e-16	1.212231666825048e-06	0
LOC551898	0.2374490450216602	3.049793750875551e-11	1.291332596409234e-10
LOC551907	1.082467449009528e-13	0.006993006462897911	2.69784194983913e-14
LOC551919	6.872280522429719e-14	1.486371863257396e-06	0
LOC551920	1.794353554629424e-11	0.001814908197065535	1.191824416935106e-12
LOC551931	0.0005450277635051792	0.005051401499143626	4.97778550879735e-05
LOC551936	2.982287750086243e-10	0.1764856141104691	9.672397327520343e-10
LOC551947	1.398881011027697e-14	8.005596185967079e-12	0
LOC551957	2.982287750086243e-10	0.1764856141104691	9.672397327520343e-10
LOC551958	4.471477679501845e-05	0.09074392558914346	5.768312004150733e-05
LOC551960	0.0003818479034246591	0.01024338111949752	6.735517151879034e-05
LOC551976	0.0001497244008979992	0.00769065139331393	2.166309397355626e-05
LOC551982	0.005243371868764335	4.117402798042846e-06	5.036100165778379e-07
LOC551984	0.0001937700641521101	0.003467280506997628	1.344228356925381e-05
LOC551997	1.221245327087672e-15	6.583145140126589e-11	0
LOC552003	6.193344675076151e-05	0.0101882195234233	1.210200199586176e-05
LOC552006	9.179291885486052e-07	5.553658453860688e-05	1.737107901966795e-09
LOC552008	0.01322758361366883	0.366898416692656	0.03092227208218734
LOC552009	2.250566066841486e-09	0.002100013049257998	1.528051019050736e-10
LOC552016	3.010667081526641e-06	0.05820426823719527	3.054826322790305e-06
LOC552017	0	1.909583602355269e-14	0
LOC552020	0	3.840363177465278e-07	0
LOC552026	2.125845962819284e-06	3.293108008506351e-10	3.497202527569243e-14
LOC552053	0.2496247802717845	0.01082391075968347	0.02004648079574856
LOC552058	0.09092915468760432	0.01885034647161254	0.01519792803000741
LOC552074	0	5.215691212256957e-10	0
LOC552081	4.584186691847236e-05	0.1020339687817826	6.487138480903987e-05
LOC552082	0.113068623322728	0.0004757776618027343	0.000636490232730047
LOC552093	0.4004993049404018	0.01340893311906621	0.03302190151895179
LOC552103	0.0002534425614713065	0.08720642435408754	0.0002870519259104976
LOC552113	8.737449319617951e-09	2.975800664628547e-05	1.061839505211992e-11
LOC552114	9.219480734401486e-11	0.01017982400150663	2.819833255784943e-11
LOC552117	4.813716469875828e-08	0.04395348418611045	4.46518536589835e-08
LOC552128	2.39777571131583e-08	0.897897117519869	1.713722690421804e-07
LOC552138	2.435761318231311e-05	0.2430869830103225	6.852353405217837e-05
LOC552139	0.04697567371633682	0.4093586226702262	0.09891828866989449
LOC552151	8.75854944126786e-13	0.002249440957059368	7.51620987671231e-14
LOC552153	9.598322137094328e-12	1.213421068924081e-05	5.88418203051333e-15
LOC552156	0.001077716025596587	7.166091336252567e-05	1.799926066081703e-06
LOC552166	1.298960938811433e-14	2.787848535290571e-05	0
LOC552178	3.931178788207923e-05	0.4705006163392366	0.0001645056859380656
LOC552180	0.002022209440051603	0.01539446445860082	0.0004528227752366165
LOC552194	6.755429549087921e-11	0.0006528236168656942	1.694311357880451e-12
LOC552198	6.523959217297204e-07	5.254313599545313e-06	1.322181253371468e-10
LOC552205	1.113479852765664e-08	0.059748294176595	1.394233162255176e-08
LOC552238	4.82668683294829e-05	0.6469147008290697	0.0002334825803430585
LOC552241	3.148781568818038e-09	3.43550482364563e-05	4.509059792212611e-12
LOC552245	3.365209213146425e-05	0.5770836534795131	0.0001576319252107883
LOC552249	0	8.655048927996845e-05	0
LOC552254	3.592681707687007e-13	0.0272689996713591	2.914335439641036e-13
LOC552257	0	1.177946629127291e-13	0
LOC552259	5.446639539385956e-08	0.04040465826083828	4.687072951981008e-08
LOC552278	6.217248937900877e-15	1.086825840435068e-08	0
LOC552280	4.584826185372037e-09	0.6394105275494	3.101425560814164e-08
LOC552282	1.172564975893131e-06	0.01840965196193167	4.612938212522621e-07
LOC552284	3.00369751293772e-08	0.401223145985887	1.511649663221704e-07
LOC552289	0	0.0006127137813936034	0
LOC552297	2.70810696756385e-07	0.1873323331472333	7.577258711588541e-07
LOC552312	8.803253905842467e-07	0.1318378259943297	1.810069436558592e-06
LOC552315	7.771561172376096e-16	1.173746566607292e-08	0
LOC552316	2.543102306518108e-08	0.0004092982586706428	3.550664207097043e-10
LOC552317	0.001182127251876053	0.001248537439054287	2.844362163056946e-05
LOC552318	9.907199505221342e-10	1.387757018855851e-06	6.794564910705958e-14
LOC552319	8.835334909251813e-07	8.002443257215663e-05	2.365834084194773e-09
LOC552336	2.142841665220274e-07	0.003307916808095834	1.92731057779838e-08
LOC552354	1.820995572332507e-06	0.000170505781311947	9.680704238235194e-09
LOC552358	0	0.009505113020475631	0
LOC552370	2.166378187951068e-12	0.004832646263115636	3.667066650336892e-13
LOC552372	5.731738368042194e-06	0.001680778866670951	2.448971837543112e-07
LOC552373	0.003779606934386059	0.0702374948628226	0.00293185857369338
LOC552374	9.918235342909476e-06	0.001010020288935154	2.585684183431525e-07
LOC552377	0	4.039102385888782e-11	0
LOC552414	0	5.418458428829709e-06	0
LOC552428	4.450935864319661e-08	0.01506835361705727	1.640984736983597e-08
LOC552429	1.113414815123726e-05	0.01080829426883889	2.494537289621235e-06
LOC552440	8.423866770801425e-08	0.004161853839605989	9.624550045828073e-09
LOC552449	0.04377231259595782	0.0685950217568897	0.02495143864153992
LOC552455	9.166149006478719e-08	0.04343064368701266	8.249246674640887e-08
LOC552468	4.476419235288631e-13	3.747971148981843e-05	8.881784197001252e-16
LOC552472	7.074286997643675e-06	2.692341273491383e-05	6.202615199235595e-09
LOC552473	0.004884695200260469	0.004267955400126255	0.0003210568872501485
LOC552479	0	1.826646394542664e-05	0
LOC552496	3.516065216757625e-11	0.0307523271427157	2.892042161306563e-11
LOC552497	0.09937684042743233	0.02551057201888207	0.02123291328864318
LOC552498	2.368105711525459e-13	0.001419889424590481	1.365574320288943e-14
LOC552499	0.0002195058581134779	0.002302553556948639	1.039955028092621e-05
LOC552502	0	7.948086633291496e-13	0
LOC552505	0	5.00998512675821e-08	0
LOC552510	0.001593783314187358	0.09849277052002126	0.001749635004001715
LOC552520	2.294044076922575e-08	0.0005420900429264908	4.175469969780465e-10
LOC552527	0.02116104965837406	0.02722775175508851	0.006127947944317924
LOC552539	1.476286070500876e-06	2.900760409652037e-09	2.05391259555654e-13
LOC552545	1.294575557864164e-11	3.514636409018834e-05	2.153832667772804e-14
LOC552556	0.005644055455426233	0.03063021795712273	0.002097369860866283
LOC552566	9.193490413395011e-11	3.242841561945653e-08	2.220446049250313e-16
LOC552571	1.443289932012704e-15	8.733899473789553e-05	0
LOC552574	0.0001034890115698683	0.006141150352971358	1.249493173161031e-05
LOC552578	6.834532939592464e-13	5.366646915783146e-05	1.77635683940025e-15
LOC552599	4.730905667216234e-10	2.580553612085978e-05	5.413447468072263e-13
LOC552624	3.830134228666182e-07	0.01122023989694043	1.014104399343907e-07
LOC552625	0.006581088841073335	0.09408882903877358	0.006136897645350747
LOC552634	0.0005100072203938488	0.09559335590793039	0.0005942914609465832
LOC552636	1.998401444325282e-14	0.01482739205124517	9.992007221626409e-15
LOC552641	0	0.03105792355473846	0
LOC552642	0	4.237394674477812e-06	0
LOC552644	0.001226097866019682	5.073073150452245e-07	1.781513758736253e-08
LOC552647	4.226659221728823e-06	0.0003295898093209626	4.030712086322552e-08
LOC552651	2.220446049250313e-15	2.898462218015041e-07	0
LOC552663	1.225516814695737e-07	0.04946684988612726	1.219188560108719e-07
LOC552664	0	0.0003219218746655095	0
LOC552674	4.884981308350689e-15	0.002010217629070832	4.440892098500626e-16
LOC552677	0	6.893818849107447e-12	0
LOC552708	0.0003462158157266915	0.9969002913178336	0.001659735221551828
LOC552715	9.357145114297083e-07	0.002359800263090461	5.868120600549531e-08
LOC552721	0.007811218905246942	0.0002304492719717999	3.294739146531001e-05
LOC552724	9.614531393253856e-14	9.777603976135474e-06	0
LOC552738	2.68909073486423e-05	0.03994388593191045	1.803754166607163e-05
LOC552740	0	0.0001749067180959463	0
LOC552746	7.62880101590202e-06	7.843809050511741e-05	1.837743501820199e-08
LOC552771	5.976108496952293e-12	0.06786134338755756	9.92761428619815e-12
LOC552779	0.005370465367091071	0.000801331500878244	7.528679941593008e-05
LOC552780	0.0004156658773838418	0.2828333934266306	0.001106090378122149
LOC552812	4.551914400963142e-15	3.239606438953935e-05	0
LOC552814	0	4.590422166828034e-07	0
LOC552841	0.005755083510900816	0.00636771523427504	0.0005344306804644372
LOC552844	1.358110957028202e-09	0.0004418545641923233	2.206146376693141e-11
LOC552849	3.356000921606039e-08	0.05181930000604618	3.614334764812099e-08
LOC552851	3.729905273530676e-12	6.38179349143897e-07	1.110223024625157e-16
LOC724128	0.0008382034032640151	0.06073316464205847	0.0006516777826357512
LOC724138	6.41620484942429e-06	0.006662637420883466	9.557280025163095e-07
LOC724150	1.715313777683747e-07	0.009258371804126364	3.933558356816746e-08
LOC724178	4.920052484591597e-05	0.01491047317783711	1.363538859300295e-05
LOC724187	1.142497563222378e-08	0.000107490550809608	4.651079521522661e-11
LOC724195	0.01124690378278548	0.4140165244504429	0.02882363329030435
LOC724196	9.780527210345724e-07	0.0001116458481793536	3.573133011691709e-09
LOC724215	0	8.35120062991912e-07	0
LOC724220	0	1.457943765714731e-10	0
LOC724225	1.554312234475219e-15	1.281031788424869e-05	0
LOC724237	0.003518955333016049	0.2333189404874749	0.006952712275142381
LOC724244	1.110223024625157e-16	0.004797156490336296	0
LOC724247	3.824486061176913e-09	0.045488480284815	3.925553659911429e-09
LOC724252	2.331468351712829e-15	3.594370134862857e-08	0
LOC724285	2.973032930952968e-11	0.08172104220598397	5.562106331069572e-11
LOC724287	0.8816153575774496	0.9204682907113261	0.9840552398278337
LOC724288	2.19824158875781e-14	0.04237772528216166	2.720046410331634e-14
LOC724290	0	3.091894932083505e-06	0
LOC724292	0	0	0
LOC724294	0	4.851635622138417e-07	0
LOC724295	3.179123631014136e-12	0.004541055090872659	5.049294315995212e-13
LOC724301	4.553303084575688e-07	0.02914420885419178	2.763189367316343e-07
LOC724310	4.842825350537261e-05	0.0004137700436300795	5.100213625874872e-07
LOC724315	0.0194681984157552	0.8107588688166093	0.06340903499489303
LOC724321	0	0.0001623089590978566	0
LOC724322	3.848756868762848e-10	1.008914329858612e-08	2.220446049250313e-16
LOC724328	0	0.000553276807105374	0
LOC724335	1.049140119224745e-07	0.2172569013687328	3.374792740817867e-07
LOC724344	0	1.31585780138721e-06	0
LOC724355	2.33545660588419e-09	0.0002040260913760417	1.814526306986863e-11
LOC724356	1.687538997430238e-14	0.001576765404299074	1.110223024625157e-15
LOC724358	8.208345114724125e-10	0.6131637884093846	5.700068195224617e-09
LOC724399	0.005394313883562152	0.956619813626839	0.02080397384223287
LOC724412	0	3.102216618700027e-06	0
LOC724423	1.390878779072846e-05	0.005139897349891398	1.583975109742397e-06
LOC724429	1.959698558984257e-08	0.00509224530097141	2.809568022676956e-09
LOC724442	0	4.440892098500626e-16	0
LOC724450	0	6.681177833200991e-11	0
LOC724468	1.249241821099645e-10	8.01562162515701e-05	4.319877788816484e-13
LOC724483	5.73900449212239e-05	0.05855140575271411	5.106468508819795e-05
LOC724487	0	2.300675983057943e-09	0
LOC724501	4.241902384904961e-10	0.0007080701825156188	1.100042279489344e-11
LOC724502	0	2.074923211692337e-06	0
LOC724507	2.442490654175344e-15	1.686977146642121e-06	0
LOC724510	2.031789225753755e-08	0.1396671589897966	4.942645392969069e-08
LOC724517	2.220446049250313e-16	4.484326243670012e-10	0
LOC724537	4.6672532505454e-10	0.003236619515576189	4.89430718175754e-11
LOC724548	0	0.001224167656703079	0
LOC724552	2.604583215770617e-13	0.01753490221756993	1.447730824111204e-13
LOC724563	7.271960811294775e-13	0.04667791915047337	9.210410212290299e-13
LOC724568	3.766186251752401e-10	0.0003407670824888687	4.952371845945436e-12
LOC724569	0	0	0
LOC724571	0.0001032327178446257	0.06545093901857912	9.755357859120295e-05
LOC724592	0	1.354472090042691e-14	0
LOC724593	1.77635683940025e-15	0.001618460904494579	1.110223024625157e-16
LOC724596	2.426955525436369e-09	0.0006980846459889722	5.947109471549084e-11
LOC724599	0	6.557676623941688e-11	0
LOC724603	0	4.218847493575595e-15	0
LOC724607	9.372198463530879e-06	0.04449616803107626	7.235850183029413e-06
LOC724608	0	2.692299441708901e-05	0
LOC724618	0	1.56096378407522e-05	0
LOC724620	6.082562752363074e-07	6.33022533835792e-07	1.617694866951069e-11
LOC724640	6.772360450213455e-15	1.506520341787443e-05	0
LOC724656	9.601042305629193e-08	0.0106978353729934	2.551956213014961e-08
LOC724660	0	0.0001281971585588293	0
LOC724665	8.105627280485805e-12	0.0004088262639464491	1.374456104485944e-13
LOC724672	0.0002073513107977432	0.1407265466447317	0.0003468454824642198
LOC724676	0.0001582739031698033	0.002871649180487323	9.358713056850654e-06
LOC724681	0.02767303315795588	0.2606348768461844	0.04703552838131131
LOC724700	1	0.2291946348410228	0.4854200906255197
LOC724704	3.954614413714808e-13	0.0007485329485297232	1.243449787580175e-14
LOC724708	8.93172102944817e-08	0.002463169712745739	6.315635348030924e-09
LOC724724	1.033495511393312e-11	3.450678187633116e-09	0
LOC724734	6.85282852463942e-07	6.085457607241107e-05	1.429453999612917e-09
LOC724750	0.003585397408598645	0.007121625561031242	0.0003849617383306914
LOC724763	1.003392506637724e-06	4.825564861588028e-06	1.844845387566352e-10
LOC724769	0.001159960686892947	0.04797052190742279	0.0007230459565781278
LOC724778	7.898721676724563e-10	0.001064630878827466	2.945022004041675e-11
LOC724787	0	0	0
LOC724789	1.997142574505784e-05	0.005094787555181002	2.218344936855132e-06
LOC724794	0.001588525257436246	0.01685694326060949	0.0003928419531574745
LOC724796	4.787459317867615e-11	0.05147405449177189	6.055400625371021e-11
LOC724823	1.185651798962795e-09	0.0003491266037143337	1.550792827487157e-11
LOC724835	9.02757427700962e-08	0.03497313105746291	6.762622195566337e-08
LOC724843	0.0789187239837148	0.01742625624303029	0.01265150836183071
LOC724852	0.0004612602773560459	0.9668130965018393	0.002168070955774648
LOC724853	2.222426287445955e-08	0.005915141174210881	3.63413787951572e-09
LOC724859	5.274597092430611e-09	0.0005462198394610152	1.007756100790402e-10
LOC724863	2.522122934833781e-06	9.980698352529682e-05	7.99090305036998e-09
LOC724867	2.846260358846386e-06	0.01294368768085463	7.932347962924524e-07
LOC724875	0	1.071265733676441e-06	0
LOC724885	4.908034114681215e-07	0.0007695417274565797	1.120999015835622e-08
LOC724892	3.895772593409674e-13	1	3.609113008451459e-12
LOC724912	2.220446049250313e-16	1.193617208627984e-06	0
LOC724917	6.850648603951015e-09	3.408537954618929e-05	9.535594536203007e-12
LOC724926	0	0.0001007599312853324	0
LOC724933	0	0.0005256052106236142	0
LOC724935	0.002595992038845529	0.003843151869628691	0.0001642574863979229
LOC724936	6.902267932107353e-05	0.03251511284776243	3.701114604515165e-05
LOC724942	9.355506804697988e-06	7.051707175964594e-06	2.257680375983284e-09
LOC724953	0.00239981202910744	0.005783299692390997	0.0002212910625578601
LOC724973	0	1.03697818887305e-07	0
LOC724979	8.564926545773233e-12	2.899885539475733e-07	1.110223024625157e-16
LOC724983	3.143214200029831e-08	9.047940387019171e-05	1.056017495670858e-10
LOC725003	5.551115123125783e-16	3.085229395527467e-05	0
LOC725026	2.054618133373598e-05	2.438698276752138e-05	1.561743956379757e-08
LOC725036	2.220446049250313e-16	0.0005651112612555798	0
LOC725038	2.220446049250313e-16	4.633356410976841e-05	0
LOC725044	3.933448649018345e-07	4.516339872751018e-06	7.021594417011556e-11
LOC725046	0	2.871108021329505e-07	0
LOC725091	1.825831374979714e-09	0.002393020709592797	1.404829585993639e-10
LOC725099	2.07021163804999e-05	0.985629760772891	0.0001159959457416315
LOC725101	0.002070921835511275	0.1805101368790571	0.003554631955714482
LOC725105	0.0002138524072522463	0.2322100357261021	0.0005176162550561969
LOC725118	1.520783499131539e-12	0.008150743293884766	4.14890344302421e-13
LOC725130	0	4.393237202915401e-07	0
LOC725134	1.324496068377812e-13	0.03433968591957681	1.333377852574813e-13
LOC725149	1.392912385433931e-08	0.009063200013519235	3.385494329322114e-09
LOC725150	0	3.36016769963976e-11	0
LOC725192	1.110223024625157e-16	3.561165005216971e-06	0
LOC725196	7.966161933270488e-05	0.0004955201520023822	9.667003707525268e-07
LOC725197	3.401263087354778e-05	0.5219191321469419	0.0001515357802156503
LOC725204	0	0.0001894981232924975	0
LOC725216	6.095714453535628e-06	0.008592108040376911	1.1430533647383e-06
LOC725218	0	2.452100023031534e-07	0
LOC725220	5.013967685485454e-09	1	3.78748248319738e-08
LOC725237	0	0.001035378903672668	0
LOC725255	1.422924764427069e-05	3.010145849247081e-07	1.624470558070357e-10
LOC725260	4.393596597651594e-12	0.0008596853366609203	1.506572644416337e-13
LOC725274	5.428213434299778e-12	0.02083472313856594	3.312794483179005e-12
LOC725294	0	2.618338545978816e-09	0
LOC725317	1.44589094730474e-06	0.01702757064990579	5.269897889181863e-07
LOC725325	1.761391033028303e-10	0.0005200152539531766	3.498423772896331e-12
LOC725327	2.026392387222131e-10	0.0001857979372035246	1.530664484050703e-12
LOC725328	4.097078425713274e-05	0.001592181726786768	1.519207242561826e-06
LOC725336	0	0.001608102405819323	0
LOC725343	3.055915520633334e-10	0.01670714596295264	1.409362626603183e-10
LOC725348	6.073913816351251e-09	0.02639417553479773	3.86837972765619e-09
LOC725354	0.02438165457727826	0.04132149099717408	0.009901893145482066
LOC725379	3.031855537294348e-06	0.000538071994013567	4.632514594149484e-08
LOC725400	6.382976924790285e-09	0.3527093392257338	3.100887413509668e-08
LOC725405	0	3.572394607465057e-06	0
LOC725408	8.504752457838549e-12	0.003923625023315669	1.160294083035751e-12
LOC725427	0.007655212498167141	0.04639747768877989	0.003927479245245058
LOC725429	0.03210679285332829	0.9945845095771663	0.1006188327742726
LOC725435	0	6.065772772956279e-09	0
LOC725453	0.0002582678642573111	0.2386896080243066	0.0006300445955345069
LOC725467	1.857544599248584e-07	0.01763381138789166	7.512878641424692e-08
LOC725495	3.246372393128638e-09	3.962920880340448e-09	7.771561172376096e-16
LOC725496	5.661749586938214e-07	0.07466383309920421	7.518285418672832e-07
LOC725505	5.969669203409467e-13	2.129564302677522e-10	0
LOC725515	2.815592203830874e-11	3.4858452147013e-07	5.551115123125783e-16
LOC725546	0.0001174758920616803	0.006941918396347613	1.572345733857894e-05
LOC725552	1.786916609636258e-05	0.5436219775333919	8.385804690591581e-05
LOC725556	3.558664389224919e-05	0.004478533835743037	3.419242286195612e-06
LOC725566	2.367593986418726e-07	0.1676176320516314	6.125883095231544e-07
LOC725571	8.514420168914683e-09	0.00190977693558636	5.112765766313032e-10
LOC725586	1.723253023611093e-05	1.483723408912674e-06	9.068883422003182e-10
LOC725589	1.205262928349882e-07	0.003703154740248626	1.224341972250187e-08
LOC725594	1.056726950388054e-08	0.004067608371912446	1.258064874498643e-09
LOC725596	5.544243413257988e-07	0.06419405255617672	6.507977344805127e-07
LOC725606	1.029290495058177e-07	0.01423063512384171	3.514785251734764e-08
LOC725611	5.380860201853466e-10	0.01198572205375936	1.82644344093319e-10
LOC725613	4.819779328868457e-06	0.009685257786825274	1.01589025591764e-06
LOC725618	5.22057913698859e-06	0.007125066704154803	8.332870742311371e-07
LOC725623	0.02375007478807833	0.0002085033579890538	8.005275018907465e-05
LOC725641	5.861677834229084e-06	2.265102876608527e-05	4.395989239291964e-09
LOC725654	6.494804694057166e-14	0.0002105586900714718	6.661338147750939e-16
LOC725659	2.246236974201565e-09	0.6761419366737589	1.583592512677257e-08
LOC725662	6.048306300243667e-11	0.002125463669255812	4.525158026069676e-12
LOC725682	5.588679848900213e-07	0.01196308869744123	1.545495919019757e-07
LOC725698	0.004621431734349035	0.05169060885298127	0.002728940886821518
LOC725701	1.08012165023208e-06	0.05982431411473033	1.16708019193279e-06
LOC725710	2.309493041763311e-05	0.002382479240690794	1.275665847177976e-06
LOC725732	0	0	0
LOC725749	5.714536067991105e-05	0.006122832115994292	7.107315029064587e-06
LOC725756	0	0.01059319423224803	0
LOC725758	2.227319181979937e-06	0.002570679076809856	1.461072869357594e-07
LOC725789	0.001423683367572592	0.002493186833710692	6.377020662906574e-05
LOC725813	2.292499523548486e-12	1.000045092292012e-07	0
LOC725828	6.055009826866353e-10	0.4154386199364639	3.45513906374606e-09
LOC725837	9.992007221626409e-15	2.008588072111017e-05	0
LOC725860	3.33066907387547e-16	4.81359142080473e-05	0
LOC725864	0.00179297511314136	0.08797690789548929	0.001780906324745035
LOC725885	1.998401444325282e-15	1.053901410585922e-10	0
LOC725893	0	2.65972355251165e-10	0
LOC725896	1.727174750698612e-05	9.830035651037239e-05	4.961923916191324e-08
LOC725908	0	2.240997238245335e-05	0
LOC725960	0	3.813394044982488e-12	0
LOC725983	1.110223024625157e-16	9.208626435719403e-05	0
LOC725987	8.806426532448342e-08	0.005072977333769879	1.20204266540469e-08
LOC725992	1.458660081610219e-09	7.231869837531768e-06	4.82502926502093e-13
LOC726017	0	3.300105966275169e-09	0
LOC726020	1.128506736713941e-05	1.078239415808202e-05	4.052048141467424e-09
LOC726029	0.0003786364261377795	0.03124667170868356	0.0001774063191856134
LOC726045	4.430686372869364e-05	0.0180460313898777	1.459965867056656e-05
LOC726060	0	0.0008272050967426114	0
LOC726065	2.664535259100376e-15	9.999743275534989e-06	0
LOC726068	0	1.622761258701644e-08	0
LOC726072	0.003793994050465654	0.2682190113734574	0.008206311509508901
LOC726077	3.388400671155978e-13	1	3.147593297114781e-12
LOC726092	1.797567405981138e-05	2.112783982177735e-05	1.199587895683862e-08
LOC726093	0	5.451969986580707e-10	0
LOC726099	0.0004452472426724752	9.263529337066867e-05	1.00893979371186e-06
LOC726107	0.296669948970387	1	0.5801334581132804
LOC726110	0.0003647087827282069	0.1619538499477932	0.0006553325351302819
LOC726129	5.06129537498623e-05	0.0004121750907245536	5.298912172380099e-07
LOC726130	6.978089217568595e-10	4.062141390370755e-06	1.353361867018066e-13
LOC726133	0.0001113174117339799	6.972926809178936e-06	2.347097838306667e-08
LOC726148	0	1.379663162714984e-06	0
LOC726153	0.1365468502852024	0.4888335392342575	0.2598188476116474
LOC726164	0.007563016428339231	0.249349686385681	0.01454455275669031
LOC726167	0	0.0001019142466522904	0
LOC726180	1.408984040551786e-12	5.78293035680133e-09	0
LOC726187	0.007455987235529649	9.388122121922748e-05	1.356773970695446e-05
LOC726190	0	1.110223024625157e-16	0
LOC726199	1.254552017826427e-14	5.491266330537314e-10	0
LOC726215	0	5.662137425588298e-15	0
LOC726219	0.0001365929388552622	0.1447913062247796	0.0002393884595534024
LOC726235	5.717648576819556e-13	4.011739457299157e-07	0
LOC726237	8.934165629526092e-10	0.0016454331985013	4.962852351297897e-11
LOC726243	2.382263275535479e-10	1.355307511341497e-05	1.499911306268586e-13
LOC726264	7.392066536660025e-08	1.359726652716553e-06	4.406364162434784e-12
LOC726284	1.110223024625157e-16	4.690308828247947e-05	0
LOC726298	5.914677917662203e-06	0.007857172719506256	1.025142693400483e-06
LOC726312	8.49601956565138e-08	5.522578105943143e-05	1.735354082654794e-10
LOC726315	1.388034132077109e-10	0.002319225519797796	1.104294433673658e-11
LOC726339	4.091049610188691e-09	0.001056274338384289	1.451759823467569e-10
LOC726341	3.553324898764032e-07	0.005516536364540525	4.994483004949757e-08
LOC726348	6.284796954558747e-05	0.04809960630355536	4.722106499055467e-05
LOC726350	5.463407504180395e-13	3.866349238490496e-05	1.110223024625157e-15
LOC726354	0	1.663959336761778e-06	0
LOC726367	0	6.499211413490968e-07	0
LOC726368	2.468737436700508e-10	0.1419240697633362	6.819004250147032e-10
LOC726380	3.305163067568451e-06	0.08649262722546314	4.6224172595144e-06
LOC726385	1.6701390270768e-09	0.3739028025441862	8.71874350494295e-09
LOC726394	5.417888360170764e-14	0.0004133590865560421	9.992007221626409e-16
LOC726407	4.899706751437805e-09	0.005062191301377084	7.26363968972521e-10
LOC726412	3.089342115458749e-10	0.004226136622174193	4.169442568979775e-11
LOC726416	1.015076911414781e-10	0.02200831613498488	6.109068806381401e-11
LOC726417	5.523850693045507e-05	0.06006575560923033	5.030421027774068e-05
LOC726418	1.698974294583877e-12	0.1295210902495659	4.854450175173497e-12
LOC726432	3.217793809184855e-09	0.001103744164148268	1.196865939689928e-10
LOC726460	7.559500803111519e-10	0.01132638652676221	2.420202926955994e-10
LOC726476	1.195441379220341e-08	0.03280738369627934	9.009024193318282e-09
LOC726478	8.871838666935083e-06	0.02485317075959259	4.172011724867808e-06
LOC726483	3.869612230389397e-05	0.06313942273124196	3.740834252929925e-05
LOC726496	2.691015513756057e-07	0.0007700269604282717	6.280077458065136e-09
LOC726522	5.948422190604763e-05	0.3338671780583737	0.0001981630480785146
LOC726524	1.210143096841421e-14	1.410069172536055e-09	0
LOC726529	3.33066907387547e-16	0.006222792914690745	1.110223024625157e-16
LOC726537	3.369782897166829e-09	0.004590988608871527	4.618839755110571e-10
LOC726569	2.21490064966634e-06	1	1.369525496386359e-05
LOC726579	1.947702345517222e-06	0.02041498340701375	8.224293006620087e-07
LOC726583	6.652565307851965e-06	0.0007367883447625401	1.317512551279876e-07
LOC726598	1.110223024625157e-15	0.0001390136539114462	0
LOC726600	1.910141556038525e-08	0.005771922954210362	3.068754916846217e-09
LOC726601	5.018874760231995e-09	0.002635584857649143	4.107466589076125e-10
LOC726636	4.501695904934877e-09	2.120163461905022e-06	4.460876112943879e-13
LOC726643	2.66529198711396e-09	0.002354253393326622	2.000608567698237e-10
LOC726647	1.367168164789767e-06	0.005981402259811808	1.967946822167832e-07
LOC726650	8.105386614187804e-05	0.7963098251765228	0.0004096983140655652
LOC726657	0.3715406421513776	0.3436545665204811	0.4284300487611006
LOC726667	7.317301591314163e-07	1.871347836468473e-06	5.48593392935004e-11
LOC726668	1.974072905142066e-09	3.825856298433905e-10	0
LOC726673	9.481859741811149e-12	0.1404811211587784	2.78915779361455e-11
LOC726695	4.595439029309034e-09	0.01654652987462968	1.963112672420664e-09
LOC726699	0	5.031334951999256e-07	0
LOC726733	1	1	1
LOC726735	2.410623811677226e-09	0.0009113052173834735	7.566181015050688e-11
LOC726756	9.638334574901819e-10	0.01542641460123628	4.03066691134768e-10
LOC726790	0	0.0048362463261723	0
LOC726806	4.285460875053104e-14	2.908237291654459e-06	0
LOC726816	8.371686388564115e-08	0.01523760861243395	3.056374875409773e-08
LOC726824	7.896062750312183e-07	1	5.572811148102375e-06
LOC726826	1.372108982988784e-06	0.02370153000963637	6.687482987377535e-07
LOC726853	3.130384840233091e-12	0.1365413777425513	9.208966922358286e-12
LOC726874	2.76667577736589e-13	0.00682534879867347	6.639133687258436e-14
LOC726883	2.234423757130344e-11	0.01576066125271836	1.037581132123933e-11
LOC726890	5.151113646739702e-09	0.01063876951193499	1.484659395423193e-09
LOC726895	6.114505710641538e-07	0.0398904741478513	4.80148344972342e-07
LOC726904	0.02581413198756355	1	0.08343516837702736
LOC726914	0	2.029948753534683e-07	0
LOC726925	2.455480263563459e-12	0.0003257485713049624	3.441691376337985e-14
LOC726928	0	1.928351751945279e-06	0
LOC726947	0	0	0
LOC726949	1.182868091254008e-07	0.000546476220805836	2.06227046550822e-09
LOC726957	1.762311076103362e-05	0.06991809000489291	1.925705804317612e-05
LOC726962	0.0007153944288189606	0.007516027996892993	9.169298893807465e-05
LOC726989	5.490598531388002e-09	0.03778471526111904	4.769671435589373e-09
LOC726990	8.954850031495099e-07	0.01057295869637975	2.18124772688455e-07
LOC727001	4.934874711814974e-05	0.4730822296612193	0.0002047201623656125
LOC727022	0.0003226839214484079	1	0.001554275649921055
LOC727027	3.256622749248095e-10	4.035008803271456e-05	5.748734821509061e-13
LOC727035	1.110223024625157e-15	5.8407059925214e-06	0
LOC727078	4.679154620079728e-05	0.005451335427343662	5.295948837136244e-06
LOC727079	0.007227078712888635	0.9720075459148171	0.02709411258568595
LOC727108	4.118070218162018e-09	1.352222119832547e-07	2.875477633779155e-14
LOC727150	2.00145138767871e-05	0.2040327130063322	5.014503361988609e-05
LOC727180	0.01317005196858001	0.126997868448494	0.01444404707499547
LOC727186	0.001890709836033899	0.0001335504515785901	5.439273989105153e-06
LOC727210	4.577080506384945e-06	0.000751329801541134	9.379292620348423e-08
LOC727249	0	0.002133630868689451	0
LOC727335	1.135758154191535e-13	1.28001703725289e-06	0
LOC727392	0.000186329742878466	4.091378218662456e-06	2.288344747025661e-08
LOC727396	8.32193725042174e-09	0.02207507329539971	4.500287809072745e-09
LOC727415	1.241134820939571e-05	0.0004337520582288201	1.459628389266499e-07
LOC727447	1.221620360425391e-09	1.023003977085324e-07	6.772360450213455e-15
LOC727486	0	1.02198162155176e-08	0
LOC727578	1.193931831111605e-05	0.3547225623441909	4.47364655503657e-05
LOC727596	0.01571932549861288	0.0006663361858133543	0.0001653513610737622
LOC727634	4.497069383546659e-12	4.453044428154307e-05	9.547918011776346e-15
LOC727652	1.427258311537116e-11	0.000648591557600664	3.678168880583144e-13
mGlutR1	0	0.0003006101294654728	0
Msx	0	5.593236137579893e-07	0
nAChRa7	4.329869796038111e-15	0.0002998889172806107	1.110223024625157e-16
Nedd9	0	2.221613315533943e-08	0
otd2	2.151612221723553e-13	0.007004978262883932	5.306866057708248e-14
Per	4.23956964368255e-06	0.6784724977737563	2.340394500488507e-05
Ppib	0.01063481596110294	0.08806591207852787	0.008938756794947711
Reck	5.551115123125783e-16	3.238830360574596e-06	0
Ripk5	9.576677203471107e-06	0.006239180218211793	1.321195952974641e-06
Rpn1	6.320774660040218e-05	1	0.0003349973046966603
Sergef	6.713766325661119e-06	0.4103663186291215	2.822159223458964e-05
sGC-alpha1	0	3.861545186056858e-06	0
SIFR	1.295999307870943e-09	0.01919414088252491	6.516408523893347e-10
Syt20	4.180467638725816e-09	0.0002334458192244648	3.629785361169979e-11
Tg	0	2.635545115481364e-10	0
Tpcn1	4.566601105904233e-05	0.004614989019324889	4.451601415711437e-06
TpnT	4.397593400540245e-13	3.351882947866258e-07	0
Tspan6	0	0.0001252119346807357	0
Usp	1.110223024625157e-16	9.502524517368549e-06	0
uzip	1.088018564132653e-14	0.1706830594804749	4.18554080283684e-14
Vg	0	0.001732544558389559	0
