Gene	SelectedSites	3hit	3H:CMD	3H:Unaffected	2hit	2H:CMD	2H:Unaffected
5-ht7	15,16,19,20,21,22,25,7,9	Pass	206,221	15,16,19,20,21,22,25,7,9	Pass	193	15,16,19,20,21,22,25,7,9
Dl	330,331,335,340,342,345,353,361,371,379,383,384,390,395,398,407,412,413,416,417,424,425,429,432,433,434,436,437,439,441,445,448,449,451,453,456,457,458,460,461,464,465,466,468,470,471,474,477,486,490,491,492,493,499,500,501,502,503,504,507,508,509,513,514,515,516,522,530,531,544,546,550,555,559,561,565,568,569,570,571,572,577,578,579,580,582,583,585	Pass	22,32,372,87	330,331,335,340,342,345,353,361,371,379,383,384,390,395,398,407,412,413,416,417,424,425,429,432,433,434,436,437,439,441,445,448,449,451,453,456,457,458,460,461,464,465,466,468,470,471,474,477,486,490,491,492,493,499,500,501,502,503,504,507,508,509,513,514,515,516,522,530,531,544,546,550,555,559,561,565,568,569,570,571,572,577,578,579,580,582,583,585	Pass	22,221,30,509,535,87	330,331,335,340,342,345,353,361,371,379,383,384,390,395,398,407,412,413,416,417,424,425,429,432,433,434,436,437,439,441,445,448,449,451,453,456,457,458,460,461,464,465,466,468,470,471,474,477,486,490,491,492,493,499,500,501,502,503,504,507,508,513,514,515,516,522,530,531,544,546,550,555,559,561,565,568,569,570,571,572,577,578,579,580,582,583,585
Fstl5	1,10,11,14,17,18,2,20,3,4,6,63,7,8	Pass	17,3	1,10,11,14,18,2,20,4,6,63,7,8	Pass	10	1,11,14,17,18,2,20,3,4,6,63,7,8
LOC100576346	302,900,904,905,983	Pass	116,298,367,845	302,900,904,905,983	Pass	1067,1070,298,367,686,750	302,900,904,905,983
LOC100576402	1881,1885,1887,1888,1891,1893,1894,1895,222,594	Pass		1881,1885,1887,1888,1891,1893,1894,1895,222,594	Pass	232,244,948	1881,1885,1887,1888,1891,1893,1894,1895,222,594
LOC100576640	548,550	Pass	445	548,550	Pass	113,117,171,206,280,309,323,445,453,466,52,522,529,70,802,922	548,550
LOC100577198	261,264,309,669,670,671,672,673,676,680,684	Pass	669	261,264,309,670,671,672,673,676,680,684	Pass	395,491,5,534,669,670,676,909,916,940	261,264,309,671,672,673,680,684
LOC100577430	213,271,285,298,300,319,392,86	Pass	49	213,271,285,298,300,319,392,86	Pass	125,346,357,49	213,271,285,298,300,319,392,86
LOC100577575	109,211,239,32,45,50,53,59	Pass		109,211,239,32,45,50,53,59	Pass		109,211,239,32,45,50,53,59
LOC100578660	126,131,132,133,135,137,138,139,140,141	Pass		126,131,132,133,135,137,138,139,140,141	Pass		126,131,132,133,135,137,138,139,140,141
LOC102654206	105,125,131,158,160,177,179,181,192,38,56,59,79,93,97	Pass	214	105,125,131,158,160,177,179,181,192,38,56,59,79,93,97	Pass	1,116,134,164,170,209,214,25,61	105,125,131,158,160,177,179,181,192,38,56,59,79,93,97
LOC102655994	315,319	Pass		315,319	Pass	382	315,319
LOC102656258		Fail		-	Fail	416	-
LOC102656796	180,252,3	Pass		180,252,3	Pass		180,252,3
LOC406124	31,35,36,38	Pass	14,18,187,189,191,192,193,196,197,198,22,262,27,274,32,33,34,35,36,37,39	31,38	Pass	13,134,14,18,189,191,192,193,196,197,198,199,22,260,262,264,267,268,27,270,272,274,30,32,33,36,37,91	31,35,38
LOC408335	1071,1176,1355,628,71,76,77,78,942,943,951	Pass		1071,1176,1355,628,71,76,77,78,942,943,951	Pass		1071,1176,1355,628,71,76,77,78,942,943,951
LOC408551	161,42,915	Pass	1156,1161,1167,1175,415,962	161,42,915	Pass	1009,1026,1029,1033,1045,1137,1150,1151,1156,1158,1161,1162,1163,1167,1175,1181,1184,1187,1188,1192,1197,1200,1202,152,156,227,271,357,415,42,429,432,452,454,502,512,515,562,573,58,625,642,643,682,693,726,758,771,780,800,802,803,804,805,806,811,812,815,816,872,890,892,921,926,977,996	161,915
LOC408552	1035,1398,342,455,849,858	Pass	125,1394,22,372,397	1035,1398,342,455,849,858	Pass	10,1037,11,111,1110,1195,123,125,129,1292,1313,1326,1394,1397,1400,1420,1426,1461,1556,17,2,22,23,293,337,370,372,5,659,660,69,730,735,737,748,752,787,813,822,844,868,9,929	1035,1398,342,455,849,858
LOC408626	350,402,411,412,414,417,419	Pass		350,402,411,412,414,417,419	Pass	2,294,457,96	350,402,411,412,414,417,419
LOC408794	398,399,404,405,408,410,413,415,416,417,418,422,433,528	Pass	555	398,399,404,405,408,410,413,415,416,417,418,422,433,528	Pass	132,172,184,202,291,454,555	398,399,404,405,408,410,413,415,416,417,418,422,433,528
LOC408804	10,11,12,143,15,2,3,4,5,9	Pass		10,11,12,143,15,2,3,4,5,9	Pass	11,169,28,283,4,5,508,799	10,12,143,15,2,3,9
LOC408915	112,2,3,5,8,9	Pass	9	112,2,3,5,8	Pass	6,7	112,2,3,5,8,9
LOC408955	181,183,185,192,195,197,199,200,201,203,204,206,392	Pass		181,183,185,192,195,197,199,200,201,203,204,206,392	Pass		181,183,185,192,195,197,199,200,201,203,204,206,392
LOC409191	241,323,50,51,516,52,526,55,58,60,61,62,64,66,67,68	Pass		241,323,50,51,516,52,526,55,58,60,61,62,64,66,67,68	Pass	336,44,538,607,85	241,323,50,51,516,52,526,55,58,60,61,62,64,66,67,68
LOC409279	460,461,462,465,469,470,471,473,478,480	Pass	462,465,469,470,703,705	460,461,471,473,478,480	Pass	703,704,705	460,461,462,465,469,470,471,473,478,480
LOC409318	29,31,32,33,34,38,39	Pass	2,31,32	29,33,34,38,39	Pass	1,39,66	29,31,32,33,34,38
LOC409336	255,261,271	Pass	268	255,261,271	Pass	10,204,269	255,261,271
LOC409382	1257,1684,1766,1875,351,358,361,362,363,364,366	Pass	1255,1798,1910	1257,1684,1766,1875,351,358,361,362,363,364,366	Pass	1255,156,1685,1910,200,26,468	1257,1684,1766,1875,351,358,361,362,363,364,366
LOC409473	147,151,156,158,159,160,60	Pass	141	147,151,156,158,159,160,60	Pass	141,154,158,162,2,24	147,151,156,159,160,60
LOC409527	2,369,370,372,375,377,380,381,383,739,744,748,751,753,755,757,759,762,765	Pass	372,657,744	2,369,370,375,377,380,381,383,739,748,751,753,755,757,759,762,765	Pass	657	2,369,370,372,375,377,380,381,383,739,744,748,751,753,755,757,759,762,765
LOC409714	104,493,745,750	Pass	409,506,750	104,493,745	Pass	103,104,165,215,240,289,290,3,340,341,343,344,375,387,388,398,412,420,428,463,498,505,506,509,52,605,730,745,750	493
LOC409777	181,185,196,198,200,203,204,524,526,528,530,531,533,541,542,544,547,548,623	Pass		181,185,196,198,200,203,204,524,526,528,530,531,533,541,542,544,547,548,623	Pass	196,211,537,627,642	181,185,198,200,203,204,524,526,528,530,531,533,541,542,544,547,548,623
LOC409856	421,422,423,424	Pass		421,422,423,424	Pass		421,422,423,424
LOC409928	303,304,396,415,417,418	Pass	304	303,396,415,417,418	Pass	270,304,418,524,561	303,396,415,417
LOC410041	43,44,45,46,48,51,52,56,57	Pass		43,44,45,46,48,51,52,56,57	Pass	57	43,44,45,46,48,51,52,56
LOC410099	1101,1103,1107,1108,1109,1110,1111,1114,905	Pass	1108	1101,1103,1107,1109,1110,1111,1114,905	Pass		1101,1103,1107,1108,1109,1110,1111,1114,905
LOC410119	444,445,448,449,450,451,452,455,456,457,458,459,618	Pass	451,457,632	444,445,448,449,450,452,455,456,458,459,618	Pass	585	444,445,448,449,450,451,452,455,456,457,458,459,618
LOC410217	330,333,334,335,338,339,597	Pass	214,726,728	330,333,334,335,338,339,597	Pass	338,351,725,727,729	330,333,334,335,339,597
LOC410290	115,118,121,122,125,127,128,130,266	Pass	127	115,118,121,122,125,128,130,266	Pass		115,118,121,122,125,127,128,130,266
LOC410345	1,2,268,3,4,5,6,7,9	Pass	142,148,152,154,162,2,3	1,268,4,5,6,7,9	Pass	154	1,2,268,3,4,5,6,7,9
LOC410350	295,296,301,303,306,307,308,309,312,313,314	Pass		295,296,301,303,306,307,308,309,312,313,314	Pass		295,296,301,303,306,307,308,309,312,313,314
LOC410464	143,437,439,441,448,73,74	Pass		143,437,439,441,448,73,74	Pass	143,272,292,302,33,452,70,77,86	437,439,441,448,73,74
LOC410489	1122,1128,1154,1172,1285,1286,1290,1292,1295,1301,1302,1307,1309,1312,1313,1314,354	Pass		1122,1128,1154,1172,1285,1286,1290,1292,1295,1301,1302,1307,1309,1312,1313,1314,354	Pass	1088,1398,1402,38	1122,1128,1154,1172,1285,1286,1290,1292,1295,1301,1302,1307,1309,1312,1313,1314,354
LOC410565	524,525,526,529,531,533,534,535	Pass	159,512,518,521,527,528,535,537	524,525,526,529,531,533,534	Pass	528	524,525,526,529,531,533,534,535
LOC410609	633,634,635,636,639,641	Pass	636	633,634,635,639,641	Pass	1070,189,224,226,467,636,639,644,68,72,723,859,873,875,968,973	633,634,635,641
LOC410706	1,13,16,17,2,510,516,518	Pass	13,18,20,70	1,16,17,2,510,516,518	Pass	112,17,327,42,510,69,84	1,13,16,2,516,518
LOC410948	437,524,526,529,532,533	Pass	521	437,524,526,529,532,533	Pass	198,211,466,521,527,534,583	437,524,526,529,532,533
LOC410952	102,75,78,82,90,93,98,99	Pass		102,75,78,82,90,93,98,99	Pass		102,75,78,82,90,93,98,99
LOC410960	480,481,482,483,484,486,487,488,489,490,492,493,495,497,498	Pass	15,2,491,493,502,930	480,481,482,483,484,486,487,488,489,490,492,495,497,498	Pass	14,239,487,493,660,749,770,851,91,930	480,481,482,483,484,486,488,489,490,492,495,497,498
LOC411053	1432,1727,1997,2177,2240,2320,306,309,3258,3397,657	Pass		1432,1727,1997,2177,2240,2320,306,309,3258,3397,657	Pass	1012,1098,1109,1112,1211,1220,1286,1410,1633,1663,1664,1698,1707,1836,1854,1874,1938,1981,1998,2017,2052,2054,2116,2119,2125,2178,219,2278,2391,2424,2445,2520,2544,2618,2632,2676,2684,2749,2750,2756,2757,2762,2766,2773,2820,2942,2985,305,307,309,3107,311,3147,3190,3214,3260,3277,3284,335,3401,3414,43,498,532,538,565,634,636,689,796,868,901,906,938,984	1432,1727,1997,2177,2240,2320,306,3258,3397,657
LOC411564	15,336,75,79	Pass		15,336,75,79	Pass	392,410,425,460,464,479,79	15,336,75
LOC411731	531,532,533,536,540,541,543,545	Pass		531,532,533,536,540,541,543,545	Pass		531,532,533,536,540,541,543,545
LOC411806	469,505,549,550,553,554,555,563,565,783,784,787,792,941	Pass	882,892	469,505,549,550,553,554,555,563,565,783,784,787,792,941	Pass	696,731	469,505,549,550,553,554,555,563,565,783,784,787,792,941
LOC411837	172,173,174,175,176,178,179,180,181,182,186,187,188,189,190,191,192	Pass	178,275,87	172,173,174,175,176,179,180,181,182,186,187,188,189,190,191,192	Pass	248,275,278,281,284	172,173,174,175,176,178,179,180,181,182,186,187,188,189,190,191,192
LOC411892	249,251,320	Pass	249,251	320	Pass	162	249,251,320
LOC412157	43,44,48,51,52,54,55	Pass	1871,1890,1892,1893,1896,1912,1916,1941,1944,1945,44,55	43,48,51,52,54	Pass	1047,1284,1871,1893,1931,1971,44	43,48,51,52,54,55
LOC412159	173,174,175,176,177,179,180,182,183,186,521	Pass		173,174,175,176,177,179,180,182,183,186,521	Pass		173,174,175,176,177,179,180,182,183,186,521
LOC412236	632,633,642,643,645,647,648,650,651,652,655,658,659	Pass		632,633,642,643,645,647,648,650,651,652,655,658,659	Pass		632,633,642,643,645,647,648,650,651,652,655,658,659
LOC412362	112,114,116,117,118,120,123,125,127,132,133,6	Pass		112,114,116,117,118,120,123,125,127,132,133,6	Pass	276,28,293,325,397	112,114,116,117,118,120,123,125,127,132,133,6
LOC412701	2032,2661,283,285,286,288,289,292,401,578,920	Pass		2032,2661,283,285,286,288,289,292,401,578,920	Pass	2662,3210,578,919	2032,2661,283,285,286,288,289,292,401,920
LOC412721	199,509,510,511,517,520,522,524	Pass		199,509,510,511,517,520,522,524	Pass		199,509,510,511,517,520,522,524
LOC412739	1144,1146,1147,1149,1150,1152,1153,1154,425	Pass		1144,1146,1147,1149,1150,1152,1153,1154,425	Pass	1030,312,486	1144,1146,1147,1149,1150,1152,1153,1154,425
LOC412804	223,224,226,227,228,229,230,449	Pass	228	223,224,226,227,229,230,449	Pass		223,224,226,227,228,229,230,449
LOC412929	12,16,2,23,31,35,36,4,41,49,6,7,75	Pass	202	12,16,2,23,31,35,36,4,41,49,6,7,75	Pass	151,202,205,206,207,73,77,95	12,16,2,23,31,35,36,4,41,49,6,7,75
LOC413032	304,305,306,308,312	Pass	305,306,979,991,994	304,308,312	Pass	611,76,834,986	304,305,306,308,312
LOC413126	751,753,755,756,757	Pass	755,757	751,753,756	Pass	82	751,753,755,756,757
LOC413181	127,177,178,179,184,185,186,187,190,193,194,199,200,201	Pass	188,199	127,177,178,179,184,185,186,187,190,193,194,200,201	Pass		127,177,178,179,184,185,186,187,190,193,194,199,200,201
LOC413207	150,151,152,153,154,185	Pass	171	150,151,152,153,154,185	Pass	154,165	150,151,152,153,185
LOC413248	649,650,72,73,75,769,772	Pass	860,962,971	649,650,72,73,75,769,772	Pass	105,37,41,710,769,857	649,650,72,73,75,772
LOC413510	1012,1013,1015,1016,1028,1033,1038,1039,1040,502,625	Pass	1012,987	1013,1015,1016,1028,1033,1038,1039,1040,502,625	Pass	1012,1038,482,542,732,874,965,973	1013,1015,1016,1028,1033,1039,1040,502,625
LOC413631	1,107,183,197,44,68,90	Pass		1,107,183,197,44,68,90	Pass	166,205,359,378,64	1,107,183,197,44,68,90
LOC413907	218,3,303,326,329,334	Pass		218,3,303,326,329,334	Pass	208,22	218,3,303,326,329,334
LOC413995	155,241,341,482	Pass		155,241,341,482	Pass	122,155,193,21,240,301,302,306,342,408,43,433,441,450,460,465,466,476	241,341,482
LOC550651	160,204,209,211,212,213,216,219,221,225,227,229,230,231,232	Pass		160,204,209,211,212,213,216,219,221,225,227,229,230,231,232	Pass		160,204,209,211,212,213,216,219,221,225,227,229,230,231,232
LOC550829	1616,1637,1664,1671,1678,1685,1710	Pass	1254,1255,1521,1617,1624,1631,1638,1644,1651,1658,1665,1672,1686,1692,1700,1704,1711,1755,1769	1616,1637,1664,1671,1678,1685,1710	Pass	1255,1520,1521,1617,1624,1631,1638,1644,1651,1658,1665,1672,1679,1686,1692,1698,1700,1704,1711,1755,1769	1616,1637,1664,1671,1678,1685,1710
LOC550857	5,6,7	Pass	164,6	5,7	Pass	205,43,6,7	5
LOC551205	1,2,489,6,681	Pass		1,2,489,6,681	Pass	108,210,368,570,598,604	1,2,489,6,681
LOC551361	1752,39,43	Pass	1204,236	1752,39,43	Pass	1202,236,237	1752,39,43
LOC551454	431,435,436,437,439,445,446,447,448,449,450,452,454	Pass	518,519,532,536,545,554	431,435,436,437,439,445,446,447,448,449,450,452,454	Pass	445,446,518,519,521,523,531,534,536,545	431,435,436,437,439,447,448,449,450,452,454
LOC551494	167,169,172,178,180,181,182,183,184,185,186	Pass	131,132,157	167,169,172,178,180,181,182,183,184,185,186	Pass	115,130,131,132,133,136,139,141,155,157,158,163,167,169,172,180,184,186,52,55,88	178,181,182,183,185
LOC551578	448,449,451,452,454,455,456,457,458,459,462,463,464,466,467,469,470,471	Pass	263,452,466,470	448,449,451,454,455,456,457,458,459,462,463,464,467,469,471	Pass	261	448,449,451,452,454,455,456,457,458,459,462,463,464,466,467,469,470,471
LOC551756	482,483,484,488,489,492	Pass		482,483,484,488,489,492	Pass		482,483,484,488,489,492
LOC551931	3,4,5,9	Pass	3	4,5,9	Pass	306,9	3,4,5
LOC552003	100,101,102,104,105,114,115,116,120,124,125,126,13,139,141,15,150,154,155,156,157,18,22,25,32,33,5,53,57,58,61,63,65,70,74,80,84,85,87,88,89,90,91,93,94,95,97,98	Pass		100,101,102,104,105,114,115,116,120,124,125,126,13,139,141,15,150,154,155,156,157,18,22,25,32,33,5,53,57,58,61,63,65,70,74,80,84,85,87,88,89,90,91,93,94,95,97,98	Pass	40,49	100,101,102,104,105,114,115,116,120,124,125,126,13,139,141,15,150,154,155,156,157,18,22,25,32,33,5,53,57,58,61,63,65,70,74,80,84,85,87,88,89,90,91,93,94,95,97,98
LOC552093	264,265,268	Pass		264,265,268	Pass		264,265,268
LOC552194	408,409,410,412,413	Pass		408,409,410,412,413	Pass	413,43	408,409,410,412
LOC552249	530,683,692	Pass	226	530,683,692	Pass	150,226,272,326,370,539,570,643,692,779,830,925,942	530,683
LOC552468	262,635,637,645	Pass		262,635,637,645	Pass	165,88	262,635,637,645
LOC552527	336,337,340,421	Pass		336,337,340,421	Pass		336,337,340,421
LOC552571	101,102,103,104,107,108,109,479,87,88,90,92,93,94,98	Pass	93	101,102,103,104,107,108,109,479,87,88,90,92,94,98	Pass	103,331,502,598,88	101,102,104,107,108,109,479,87,90,92,93,94,98
LOC552634	1,15,17,2,98	Pass		1,15,17,2,98	Pass	100	1,15,17,2,98
LOC552642	165,166,595,606,607,608,610,613,615,617,618,619,620,623,624,626,627	Pass	606	165,166,595,607,608,610,613,615,617,618,619,620,623,624,626,627	Pass	147,166,296,620,686,699,719	165,595,606,607,608,610,613,615,617,618,619,623,624,626,627
LOC552677	873,876,877,878,880,882,886,888,891,892	Pass	1248,1250,1254,1257,1263,1264,1265,372,863,881,893	873,876,877,878,880,882,886,888,891,892	Pass	1248,1249,1250,1254,1257,1263,1264,1265,1266,1267,1268,185,338,355,372,495,566,863,870,879,883,889,892,893	873,876,877,878,880,882,886,888,891
LOC724290	176,221,229,239,244,250,329,413,421,494,535	Pass		176,221,229,239,244,250,329,413,421,494,535	Pass	157,464,563	176,221,229,239,244,250,329,413,421,494,535
LOC724294	328,644,658,828,829,830,832,836,842	Pass	537,831	328,644,658,828,829,830,832,836,842	Pass	489,497,537,551	328,644,658,828,829,830,832,836,842
LOC724301	37,42,51,52,54,55,56,59,60,62	Pass		37,42,51,52,54,55,56,59,60,62	Pass	51	37,42,52,54,55,56,59,60,62
LOC724502	540,542,544,547,548,552,554,555,557,559,562,563,565	Pass	1,154,161,21,571	540,542,544,547,548,552,554,555,557,559,562,563,565	Pass	1,10,161,171,21,297,571	540,542,544,547,548,552,554,555,557,559,562,563,565
LOC724593	100,174,399,411,52,562,589,590,591,621	Pass		100,174,399,411,52,562,589,590,591,621	Pass	174,32,600	100,399,411,52,562,589,590,591,621
LOC724620	144,181,183,256,92	Pass	124,182,225	144,181,183,256,92	Pass	124,225	144,181,183,256,92
LOC724794	63,64,65,66,70,71,72,73	Pass		63,64,65,66,70,71,72,73	Pass		63,64,65,66,70,71,72,73
LOC724933	1092,1098,12,271,293,507,564,628,675,729,767,777,870,88,902,986,989	Pass	401	1092,1098,12,271,293,507,564,628,675,729,767,777,870,88,902,986,989	Pass	1107,401,411,497,506,51,538,594,602,670,694,716,769,777,779,805,835	1092,1098,12,271,293,507,564,628,675,729,767,870,88,902,986,989
LOC725046	1250,1253,1254,407,499,530,619,843	Pass	437,571,748	1250,1253,1254,407,499,530,619,843	Pass	286,3,430,437,571,628,732,748,796	1250,1253,1254,407,499,530,619,843
LOC725099	104,168,169,172,175,176,179,180,184,187,188,189,193,195,196,199,202,206,208,212,213,216,219,222,225,226,227,229,230,232,234,235,237,239,241,243,247,248,255,258,259,261,262,267,270,272,274,279,281	Pass		104,168,169,172,175,176,179,180,184,187,188,189,193,195,196,199,202,206,208,212,213,216,219,222,225,226,227,229,230,232,234,235,237,239,241,243,247,248,255,258,259,261,262,267,270,272,274,279,281	Pass	200,27	104,168,169,172,175,176,179,180,184,187,188,189,193,195,196,199,202,206,208,212,213,216,219,222,225,226,227,229,230,232,234,235,237,239,241,243,247,248,255,258,259,261,262,267,270,272,274,279,281
LOC725216	1030,1042	Pass		1030,1042	Pass	180	1030,1042
LOC725237	183,199,288,289,292,293,294,295,296,299,303,310,378	Pass		183,199,288,289,292,293,294,295,296,299,303,310,378	Pass	190,313,351,522,530	183,199,288,289,292,293,294,295,296,299,303,310,378
LOC725343	10,11,12,14,16,17,18,2,20,21,26,28,3,32,33,34,6,7	Pass		10,11,12,14,16,17,18,2,20,21,26,28,3,32,33,34,6,7	Pass	168,62,93	10,11,12,14,16,17,18,2,20,21,26,28,3,32,33,34,6,7
LOC725496	116,122,234,96	Pass		116,122,234,96	Pass	254	116,122,234,96
LOC725552	753,755,756,758,760	Pass		753,755,756,758,760	Pass	776	753,755,756,758,760
LOC725960	136,225,31,312,32,338,41,43,44,57,70,85	Pass	178,179,328	136,225,31,312,32,338,41,43,44,57,70,85	Pass	123,126,153,156,158,161,174,178,179,180,195,200,201,220,252,258,28,282,30,318,319,328,333,338,339,340,341,342,41,42,70,88	136,225,31,312,32,43,44,57,85
LOC726133	321,322,324,326,329	Pass	326,329	321,322,324	Pass	301,329	321,322,324,326
LOC726167	54,55,58,64,65,66,70,72,75	Pass		54,55,58,64,65,66,70,72,75	Pass	10,120,127,135,140,142,27,40,48,98	54,55,58,64,65,66,70,72,75
LOC726199	164,165,168,169,172,175,178	Pass	102,165,168,178,186	164,169,172,175	Pass	137,151,169,186,196,4	164,165,168,172,175,178
LOC726524	1075,1422,2126,2412,2418,2420,2422,634	Pass	1225,1227,1684,1800,2423,706	1075,1422,2126,2412,2418,2420,2422,634	Pass	1075,1225,2423,706	1422,2126,2412,2418,2420,2422,634
LOC726636	1062,38,39,42,46,47,48,49,50,52,53,54,56,605,750,804	Pass	338,50	1062,38,39,42,46,47,48,49,52,53,54,56,605,750,804	Pass	1003	1062,38,39,42,46,47,48,49,50,52,53,54,56,605,750,804
LOC726904		Fail		-	Fail		-
LOC727027	192,194,195,196,198,200,202,203,259	Pass	202,360	192,194,195,196,198,200,203,259	Pass	128,95	192,194,195,196,198,200,202,203,259
LOC727486	143,169,174,3,409,410,420,421,427,431,67,85,86,90	Pass	205,4	143,169,174,3,409,410,420,421,427,431,67,85,86,90	Pass	1,14,144,152,174,209,22,233,3,319,4,461,68,7	143,169,409,410,420,421,427,431,67,85,86,90
TpnT	249,252,254,265,272	Pass	249,251,270,272,332	252,254,265	Pass	1,249,251,265,270,272,332,8,84	252,254
Vg	124,13,1378,1390,668,772,968	Pass		124,13,1378,1390,668,772,968	Pass	112,1236,124,13,1309,151,1514,1561,1562,162,1631,339,344,424,558,64,663,737,792,992	1378,1390,668,772,968
